kf,n,Kin,MBPT_HF,MBPT_2,MBPT_3,MBPT_4,total,Lambda,OrderEFT,Body,x,fit
1.13972,0.05,16.16071,-5.5666,-1.93533,0.016189999999999982,-0.031680000000000035,8.643289999999999,450,LO,NN-only,0.0,
1.2111299999999998,0.06,18.249370000000003,-6.53108,-2.0609599999999997,0.10348999999999996,-0.042710000000000026,9.71811,450,LO,NN-only,0.0,
1.27499,0.07,20.22456,-7.4720699999999995,-2.145,0.17956999999999995,-0.054509999999999975,10.73255,450,LO,NN-only,0.0,
1.33302,0.08,22.10753,-8.39215,-2.19485,0.24304000000000006,-0.07415,11.68942,450,LO,NN-only,0.0,
1.3864,0.09,23.913439999999998,-9.29313,-2.2189099999999997,0.2968,-0.09425999999999993,12.60394,450,LO,NN-only,0.0,
1.43595,0.1,25.65352,-10.17635,-2.22153,0.33847999999999995,-0.11647999999999994,13.477640000000005,450,LO,NN-only,0.0,
1.48231,0.11,27.33645,-11.042860000000001,-2.20757,0.36954000000000004,-0.13398999999999994,14.32157,450,LO,NN-only,0.0,
1.52593,0.12,28.96906,-11.89349,-2.18011,0.3938100000000001,-0.1464,15.142870000000002,450,LO,NN-only,0.0,
1.5671899999999999,0.13,30.556890000000003,-12.72891,-2.14252,0.41197,-0.16110999999999995,15.936319999999995,450,LO,NN-only,0.0,
1.60639,0.14,32.10448,-13.549679999999999,-2.09665,0.4201600000000001,-0.16840000000000002,16.70991,450,LO,NN-only,0.0,
1.6437599999999999,0.15,33.61562,-14.35631,-2.04544,0.4237500000000001,-0.1809000000000001,17.456719999999994,450,LO,NN-only,0.0,
1.6795,0.16,35.09352,-15.14921,-1.98944,0.4265800000000001,-0.18441,18.197039999999998,450,LO,NN-only,0.0,
1.7137900000000001,0.17,36.540929999999996,-15.928770000000002,-1.93105,0.42162,-0.17727999999999994,18.925450000000005,450,LO,NN-only,0.0,
1.74675,0.18,37.96021,-16.695339999999998,-1.87027,0.41732,-0.19222,19.619699999999995,450,LO,NN-only,0.0,
1.77852,0.19,39.35344,-17.44922,-1.8091599999999999,0.40973000000000004,-0.18627,20.31852,450,LO,NN-only,0.0,
1.80919,0.2,40.722429999999996,-18.190739999999998,-1.74778,0.39783,-0.18891,20.992829999999998,450,LO,NN-only,0.0,
1.83885,0.21,42.06877,-18.92015,-1.68608,0.38659,-0.17417000000000005,21.67496,450,LO,NN-only,0.0,
0.90459,0.05,10.18061,-8.28301,-7.58971,-1.26699,-0.43997999999999937,-7.39908,450,LO,NN-only,0.5,
0.9612700000000001,0.06,11.49638,-9.71307,-8.38711,-1.1588,-0.1699200000000003,-7.932519999999999,450,LO,NN-only,0.5,
1.01196,0.07,12.74067,-11.11012,-9.047880000000001,-1.0377299999999998,0.06416999999999984,-8.390889999999999,450,LO,NN-only,0.5,
1.0580200000000002,0.08,13.926870000000001,-12.47907,-9.59338,-0.91438,0.27315999999999896,-8.786800000000001,450,LO,NN-only,0.5,
1.10038,0.09,15.064520000000002,-13.823479999999998,-10.03898,-0.7909299999999999,0.42539000000000105,-9.16348,450,LO,NN-only,0.5,
1.13972,0.1,16.16071,-15.145999999999999,-10.40023,-0.67838,0.5745899999999997,-9.489310000000001,450,LO,NN-only,0.5,
1.17651,0.11,17.220879999999998,-16.44867,-10.687660000000001,-0.5659000000000001,0.6886400000000004,-9.792710000000001,450,LO,NN-only,0.5,
1.2111299999999998,0.12,18.249370000000003,-17.73312,-10.91132,-0.4663,0.7389099999999997,-10.12246,450,LO,NN-only,0.5,
1.2438799999999999,0.13,19.24964,-19.00065,-11.0809,-0.3715499999999998,0.7698800000000015,-10.433580000000001,450,LO,NN-only,0.5,
1.27499,0.14,20.22456,-20.25234,-11.2015,-0.2832300000000001,0.8069400000000009,-10.705569999999998,450,LO,NN-only,0.5,
1.30465,0.15,21.17651,-21.489079999999998,-11.2795,-0.2086699999999999,0.8120400000000005,-10.9887,450,LO,NN-only,0.5,
1.33302,0.16,22.10753,-22.71162,-11.3181,-0.13908999999999996,0.7939999999999996,-11.26728,450,LO,NN-only,0.5,
1.3602299999999998,0.17,23.01934,-23.92061,-11.32483,-0.07252000000000014,0.7980300000000007,-11.500589999999999,450,LO,NN-only,0.5,
1.3864,0.18,23.913439999999998,-25.11662,-11.30362,-0.020080000000000098,0.732260000000001,-11.794619999999998,450,LO,NN-only,0.5,
1.41161,0.19,24.79111,-26.300109999999997,-11.25883,0.03381999999999996,0.7424900000000011,-11.991519999999998,450,LO,NN-only,0.5,
1.43595,0.2,25.65352,-27.47152,-11.19383,0.0772400000000002,0.6411099999999985,-12.293480000000002,450,LO,NN-only,0.5,
1.4595,0.21,26.50167,-28.63123,-11.109169999999999,0.11856000000000012,0.6367299999999996,-12.483439999999998,450,LO,NN-only,0.5,
1.13972,0.05,16.16071,-5.5666,-1.93533,0.016189999999999982,-0.031680000000000035,8.643289999999999,450,LO,NN+3N,0.0,
1.2111299999999998,0.06,18.249370000000003,-6.53108,-2.0609599999999997,0.10348999999999996,-0.042710000000000026,9.718110000000001,450,LO,NN+3N,0.0,
1.27499,0.07,20.22456,-7.4720699999999995,-2.145,0.17956999999999995,-0.054509999999999975,10.73255,450,LO,NN+3N,0.0,
1.33302,0.08,22.10753,-8.39215,-2.19485,0.24304000000000006,-0.07415,11.689419999999998,450,LO,NN+3N,0.0,
1.3864,0.09,23.913439999999998,-9.29313,-2.2189099999999997,0.2968,-0.09425999999999993,12.603940000000005,450,LO,NN+3N,0.0,
1.43595,0.1,25.65352,-10.17635,-2.22153,0.33847999999999995,-0.11647999999999994,13.47764,450,LO,NN+3N,0.0,
1.48231,0.11,27.33645,-11.042860000000001,-2.20757,0.36954000000000004,-0.13398999999999994,14.32157,450,LO,NN+3N,0.0,
1.52593,0.12,28.96906,-11.89349,-2.18011,0.3938100000000001,-0.1464,15.142870000000002,450,LO,NN+3N,0.0,
1.5671899999999999,0.13,30.556890000000003,-12.72891,-2.14252,0.41197,-0.16110999999999995,15.936319999999995,450,LO,NN+3N,0.0,
1.60639,0.14,32.10448,-13.549679999999999,-2.09665,0.4201600000000001,-0.16840000000000002,16.70991,450,LO,NN+3N,0.0,
1.6437599999999999,0.15,33.61562,-14.35631,-2.04544,0.4237500000000001,-0.1809000000000001,17.45672,450,LO,NN+3N,0.0,
1.6795,0.16,35.09352,-15.14921,-1.98944,0.4265800000000001,-0.18441,18.197039999999998,450,LO,NN+3N,0.0,
1.7137900000000001,0.17,36.540929999999996,-15.928770000000002,-1.93105,0.42162,-0.17727999999999994,18.925450000000005,450,LO,NN+3N,0.0,
1.74675,0.18,37.96021,-16.695339999999998,-1.87027,0.41732,-0.19222,19.619699999999995,450,LO,NN+3N,0.0,
1.77852,0.19,39.35344,-17.44922,-1.8091599999999999,0.40973000000000004,-0.18627,20.31852,450,LO,NN+3N,0.0,
1.80919,0.2,40.722429999999996,-18.190739999999998,-1.74778,0.39783,-0.18891,20.992829999999998,450,LO,NN+3N,0.0,
1.83885,0.21,42.06877,-18.92015,-1.68608,0.38659,-0.17417000000000005,21.67496,450,LO,NN+3N,0.0,
0.90459,0.05,10.18061,-8.28301,-7.58971,-1.26699,-0.43997999999999937,-7.39908,450,LO,NN+3N,0.5,
0.9612700000000001,0.06,11.49638,-9.71307,-8.38711,-1.1588,-0.1699200000000003,-7.932519999999999,450,LO,NN+3N,0.5,
1.01196,0.07,12.74067,-11.11012,-9.047880000000001,-1.0377299999999998,0.06416999999999984,-8.390889999999999,450,LO,NN+3N,0.5,
1.0580200000000002,0.08,13.926870000000001,-12.47907,-9.59338,-0.91438,0.27315999999999896,-8.786800000000001,450,LO,NN+3N,0.5,
1.10038,0.09,15.064520000000002,-13.823479999999998,-10.03898,-0.7909299999999999,0.42539000000000105,-9.16348,450,LO,NN+3N,0.5,
1.13972,0.1,16.16071,-15.145999999999999,-10.40023,-0.67838,0.5745899999999997,-9.489310000000001,450,LO,NN+3N,0.5,
1.17651,0.11,17.220879999999998,-16.44867,-10.687660000000001,-0.5659000000000001,0.6886400000000004,-9.792709999999998,450,LO,NN+3N,0.5,
1.2111299999999998,0.12,18.249370000000003,-17.73312,-10.91132,-0.4663,0.7389099999999997,-10.12246,450,LO,NN+3N,0.5,
1.2438799999999999,0.13,19.24964,-19.00065,-11.0809,-0.3715499999999998,0.7698800000000015,-10.433580000000001,450,LO,NN+3N,0.5,
1.27499,0.14,20.22456,-20.25234,-11.2015,-0.2832300000000001,0.8069400000000009,-10.705569999999998,450,LO,NN+3N,0.5,
1.30465,0.15,21.17651,-21.489079999999998,-11.2795,-0.2086699999999999,0.8120400000000005,-10.9887,450,LO,NN+3N,0.5,
1.33302,0.16,22.10753,-22.71162,-11.3181,-0.13908999999999996,0.7939999999999996,-11.26728,450,LO,NN+3N,0.5,
1.3602299999999998,0.17,23.01934,-23.92061,-11.32483,-0.07252000000000014,0.7980300000000007,-11.500589999999999,450,LO,NN+3N,0.5,
1.3864,0.18,23.913439999999998,-25.11662,-11.30362,-0.020080000000000098,0.732260000000001,-11.794619999999998,450,LO,NN+3N,0.5,
1.41161,0.19,24.79111,-26.300109999999997,-11.25883,0.03381999999999996,0.7424900000000011,-11.99152,450,LO,NN+3N,0.5,
1.43595,0.2,25.65352,-27.47152,-11.19383,0.0772400000000002,0.6411099999999985,-12.293480000000002,450,LO,NN+3N,0.5,
1.4595,0.21,26.50167,-28.63123,-11.109169999999999,0.11856000000000012,0.6367299999999996,-12.483439999999998,450,LO,NN+3N,0.5,
1.13972,0.05,16.16071,-5.22628,-2.2209,-0.08396999999999992,-0.04309000000000002,8.586470000000002,500,LO,NN-only,0.0,
1.2111299999999998,0.06,18.249370000000003,-6.1322,-2.43085,0.011699999999999931,-0.04274999999999996,9.655269999999998,500,LO,NN-only,0.0,
1.27499,0.07,20.22456,-7.0181,-2.59647,0.10494999999999988,-0.053700000000000025,10.66124,500,LO,NN-only,0.0,
1.33302,0.08,22.10753,-7.886589999999999,-2.72451,0.19098999999999994,-0.06849000000000002,11.61893,500,LO,NN-only,0.0,
1.3864,0.09,23.913439999999998,-8.739519999999999,-2.8216200000000002,0.2690500000000001,-0.08460999999999996,12.536740000000002,500,LO,NN-only,0.0,
1.43595,0.1,25.65352,-9.57825,-2.89166,0.34032,-0.10509000000000003,13.41884,500,LO,NN-only,0.0,
1.48231,0.11,27.33645,-10.40381,-2.93922,0.40064,-0.1295900000000001,14.264469999999998,500,LO,NN-only,0.0,
1.52593,0.12,28.96906,-11.21701,-2.96786,0.4526200000000001,-0.15108,15.085729999999995,500,LO,NN-only,0.0,
1.5671899999999999,0.13,30.556890000000003,-12.01852,-2.9805200000000003,0.4976200000000001,-0.17098999999999998,15.884479999999998,500,LO,NN-only,0.0,
1.60639,0.14,32.10448,-12.80884,-2.97896,0.5324899999999999,-0.1926000000000001,16.656570000000002,500,LO,NN-only,0.0,
1.6437599999999999,0.15,33.61562,-13.58844,-2.96519,0.56313,-0.21613000000000004,17.408990000000006,500,LO,NN-only,0.0,
1.6795,0.16,35.09352,-14.35769,-2.94232,0.58609,-0.23253,18.147070000000003,500,LO,NN-only,0.0,
1.7137900000000001,0.17,36.540929999999996,-15.11691,-2.91111,0.60601,-0.24165000000000006,18.877270000000006,500,LO,NN-only,0.0,
1.74675,0.18,37.96021,-15.866389999999999,-2.87296,0.6163,-0.25631999999999994,19.580839999999995,500,LO,NN-only,0.0,
1.77852,0.19,39.35344,-16.60639,-2.8289,0.6239100000000001,-0.26791,20.274149999999995,500,LO,NN-only,0.0,
1.80919,0.2,40.722429999999996,-17.33711,-2.78045,0.62844,-0.2679300000000001,20.965380000000007,500,LO,NN-only,0.0,
1.83885,0.21,42.06877,-18.05878,-2.72854,0.62805,-0.2766100000000001,21.63289,500,LO,NN-only,0.0,
0.90459,0.05,10.18061,-6.940580000000001,-8.79308,-0.9301799999999999,-0.3810199999999999,-6.86425,500,LO,NN-only,0.5,
0.9612700000000001,0.06,11.49638,-8.10967,-9.87849,-0.8272299999999999,-0.01940000000000097,-7.3384100000000005,500,LO,NN-only,0.5,
1.01196,0.07,12.74067,-9.24847,-10.82698,-0.7149600000000002,0.32859000000000016,-7.72115,500,LO,NN-only,0.5,
1.0580200000000002,0.08,13.926870000000001,-10.36195,-11.65884,-0.6012599999999999,0.6481399999999988,-8.047040000000003,500,LO,NN-only,0.5,
1.10038,0.09,15.064520000000002,-11.45373,-12.38495,-0.4906400000000001,0.92068,-8.34412,500,LO,NN-only,0.5,
1.13972,0.1,16.16071,-12.5265,-13.01725,-0.3831199999999999,1.166059999999999,-8.600100000000001,500,LO,NN-only,0.5,
1.17651,0.11,17.220879999999998,-13.582360000000001,-13.567860000000001,-0.28504,1.3711300000000015,-8.843249999999998,500,LO,NN-only,0.5,
1.2111299999999998,0.12,18.249370000000003,-14.62296,-14.04274,-0.1869400000000001,1.5428600000000008,-9.06041,500,LO,NN-only,0.5,
1.2438799999999999,0.13,19.24964,-15.64962,-14.45306,-0.10182000000000002,1.6756699999999984,-9.279190000000003,500,LO,NN-only,0.5,
1.27499,0.14,20.22456,-16.66346,-14.803320000000001,-0.02015999999999996,1.8053700000000001,-9.45701,500,LO,NN-only,0.5,
1.30465,0.15,21.17651,-17.66538,-15.10106,0.05184999999999995,1.8721999999999996,-9.66588,500,LO,NN-only,0.5,
1.33302,0.16,22.10753,-18.65616,-15.35055,0.1211,1.8988999999999996,-9.87918,500,LO,NN-only,0.5,
1.3602299999999998,0.17,23.01934,-19.63646,-15.555420000000002,0.18226999999999996,1.9329099999999988,-10.057360000000001,500,LO,NN-only,0.5,
1.3864,0.18,23.913439999999998,-20.60683,-15.7221,0.23898,1.9395999999999975,-10.236909999999998,500,LO,NN-only,0.5,
1.41161,0.19,24.79111,-21.56778,-15.85348,0.2885200000000001,1.883140000000001,-10.458489999999998,500,LO,NN-only,0.5,
1.43595,0.2,25.65352,-22.51973,-15.951979999999999,0.33368000000000003,1.88905,-10.595460000000001,500,LO,NN-only,0.5,
1.4595,0.21,26.50167,-23.46305,-16.02147,0.37863,1.8640399999999997,-10.74018,500,LO,NN-only,0.5,
1.13972,0.05,16.16071,-5.22628,-2.2209,-0.08396999999999992,-0.04309000000000002,8.586470000000002,500,LO,NN+3N,0.0,
1.2111299999999998,0.06,18.249370000000003,-6.1322,-2.43085,0.011699999999999931,-0.04274999999999996,9.655269999999998,500,LO,NN+3N,0.0,
1.27499,0.07,20.22456,-7.0181,-2.59647,0.10494999999999988,-0.053700000000000025,10.66124,500,LO,NN+3N,0.0,
1.33302,0.08,22.10753,-7.886589999999999,-2.72451,0.19098999999999994,-0.06849000000000002,11.61893,500,LO,NN+3N,0.0,
1.3864,0.09,23.913439999999998,-8.739519999999999,-2.8216200000000002,0.2690500000000001,-0.08460999999999996,12.536740000000002,500,LO,NN+3N,0.0,
1.43595,0.1,25.65352,-9.57825,-2.89166,0.34032,-0.10509000000000003,13.41884,500,LO,NN+3N,0.0,
1.48231,0.11,27.33645,-10.40381,-2.93922,0.40064,-0.1295900000000001,14.264470000000001,500,LO,NN+3N,0.0,
1.52593,0.12,28.96906,-11.21701,-2.96786,0.4526200000000001,-0.15108,15.085729999999995,500,LO,NN+3N,0.0,
1.5671899999999999,0.13,30.556890000000003,-12.01852,-2.9805200000000003,0.4976200000000001,-0.17098999999999998,15.884479999999998,500,LO,NN+3N,0.0,
1.60639,0.14,32.10448,-12.80884,-2.97896,0.5324899999999999,-0.1926000000000001,16.656570000000002,500,LO,NN+3N,0.0,
1.6437599999999999,0.15,33.61562,-13.58844,-2.96519,0.56313,-0.21613000000000004,17.408990000000006,500,LO,NN+3N,0.0,
1.6795,0.16,35.09352,-14.35769,-2.94232,0.58609,-0.23253,18.147070000000006,500,LO,NN+3N,0.0,
1.7137900000000001,0.17,36.540929999999996,-15.11691,-2.91111,0.60601,-0.24165000000000006,18.877270000000006,500,LO,NN+3N,0.0,
1.74675,0.18,37.96021,-15.866389999999999,-2.87296,0.6163,-0.25631999999999994,19.580839999999995,500,LO,NN+3N,0.0,
1.77852,0.19,39.35344,-16.60639,-2.8289,0.6239100000000001,-0.26791,20.27415,500,LO,NN+3N,0.0,
1.80919,0.2,40.722429999999996,-17.33711,-2.78045,0.62844,-0.2679300000000001,20.965380000000007,500,LO,NN+3N,0.0,
1.83885,0.21,42.06877,-18.05878,-2.72854,0.62805,-0.2766100000000001,21.632890000000003,500,LO,NN+3N,0.0,
0.90459,0.05,10.18061,-6.940580000000001,-8.79308,-0.9301799999999999,-0.3810199999999999,-6.86425,500,LO,NN+3N,0.5,
0.9612700000000001,0.06,11.49638,-8.10967,-9.87849,-0.8272299999999999,-0.01940000000000097,-7.3384100000000005,500,LO,NN+3N,0.5,
1.01196,0.07,12.74067,-9.24847,-10.82698,-0.7149600000000002,0.32859000000000016,-7.7211500000000015,500,LO,NN+3N,0.5,
1.0580200000000002,0.08,13.926870000000001,-10.36195,-11.65884,-0.6012599999999999,0.6481399999999988,-8.047040000000003,500,LO,NN+3N,0.5,
1.10038,0.09,15.064520000000002,-11.45373,-12.38495,-0.4906400000000001,0.92068,-8.34412,500,LO,NN+3N,0.5,
1.13972,0.1,16.16071,-12.5265,-13.01725,-0.3831199999999999,1.166059999999999,-8.600100000000001,500,LO,NN+3N,0.5,
1.17651,0.11,17.220879999999998,-13.582360000000001,-13.567860000000001,-0.28504,1.3711300000000015,-8.843249999999996,500,LO,NN+3N,0.5,
1.2111299999999998,0.12,18.249370000000003,-14.62296,-14.04274,-0.1869400000000001,1.5428600000000008,-9.06041,500,LO,NN+3N,0.5,
1.2438799999999999,0.13,19.24964,-15.64962,-14.45306,-0.10182000000000002,1.6756699999999984,-9.279190000000003,500,LO,NN+3N,0.5,
1.27499,0.14,20.22456,-16.66346,-14.803320000000001,-0.02015999999999996,1.8053700000000001,-9.45701,500,LO,NN+3N,0.5,
1.30465,0.15,21.17651,-17.66538,-15.10106,0.05184999999999995,1.8721999999999996,-9.66588,500,LO,NN+3N,0.5,
1.33302,0.16,22.10753,-18.65616,-15.35055,0.1211,1.8988999999999996,-9.87918,500,LO,NN+3N,0.5,
1.3602299999999998,0.17,23.01934,-19.63646,-15.555420000000002,0.18226999999999996,1.9329099999999988,-10.05736,500,LO,NN+3N,0.5,
1.3864,0.18,23.913439999999998,-20.60683,-15.7221,0.23898,1.9395999999999975,-10.236909999999998,500,LO,NN+3N,0.5,
1.41161,0.19,24.79111,-21.56778,-15.85348,0.2885200000000001,1.883140000000001,-10.458489999999998,500,LO,NN+3N,0.5,
1.43595,0.2,25.65352,-22.51973,-15.951979999999999,0.33368000000000003,1.88905,-10.595460000000001,500,LO,NN+3N,0.5,
1.4595,0.21,26.50167,-23.46305,-16.02147,0.37863,1.8640399999999997,-10.74018,500,LO,NN+3N,0.5,
1.13972,0.05,16.16071,-7.948580000000001,-0.96598,0.05397,-0.04907999999999998,7.2510400000000015,450,NLO,NN-only,0.0,
1.2111299999999998,0.06,18.249370000000003,-9.27137,-1.03114,0.05987000000000001,-0.047989999999999984,7.958739999999999,450,NLO,NN-only,0.0,
1.27499,0.07,20.22456,-10.54252,-1.09894,0.06714999999999999,-0.044839999999999984,8.605410000000001,450,NLO,NN-only,0.0,
1.33302,0.08,22.10753,-11.76711,-1.16848,0.07708000000000001,-0.04342,9.2056,450,NLO,NN-only,0.0,
1.3864,0.09,23.913439999999998,-12.949069999999999,-1.23735,0.08725,-0.0401,9.77417,450,NLO,NN-only,0.0,
1.43595,0.1,25.65352,-14.091560000000001,-1.30443,0.09859,-0.04019999999999997,10.31592,450,NLO,NN-only,0.0,
1.48231,0.11,27.33645,-15.1972,-1.36737,0.10864,-0.040580000000000005,10.83994,450,NLO,NN-only,0.0,
1.52593,0.12,28.96906,-16.26823,-1.42541,0.11945,-0.041510000000000005,11.35336,450,NLO,NN-only,0.0,
1.5671899999999999,0.13,30.556890000000003,-17.3066,-1.47821,0.12780999999999998,-0.03930999999999997,11.86058,450,NLO,NN-only,0.0,
1.60639,0.14,32.10448,-18.314020000000003,-1.5245799999999998,0.13391,-0.04186999999999999,12.357920000000005,450,NLO,NN-only,0.0,
1.6437599999999999,0.15,33.61562,-19.29203,-1.5649600000000001,0.13967999999999994,-0.04089000000000001,12.85742,450,NLO,NN-only,0.0,
1.6795,0.16,35.09352,-20.24203,-1.5983399999999999,0.14346,-0.041250000000000016,13.355359999999996,450,NLO,NN-only,0.0,
1.7137900000000001,0.17,36.540929999999996,-21.16528,-1.62501,0.14407,-0.042030000000000026,13.852680000000005,450,NLO,NN-only,0.0,
1.74675,0.18,37.96021,-22.06297,-1.6448200000000002,0.14465,-0.04497000000000001,14.352099999999998,450,NLO,NN-only,0.0,
1.77852,0.19,39.35344,-22.93616,-1.6592900000000002,0.14232,-0.043330000000000014,14.856979999999998,450,NLO,NN-only,0.0,
1.80919,0.2,40.722429999999996,-23.785870000000003,-1.66763,0.1397,-0.04625999999999998,15.362370000000006,450,NLO,NN-only,0.0,
1.83885,0.21,42.06877,-24.61305,-1.67085,0.13666,-0.04747,15.87406,450,NLO,NN-only,0.0,
0.90459,0.05,10.18061,-13.59256,-4.93144,-0.5891200000000001,-0.18640000000000007,-9.11891,450,NLO,NN-only,0.5,
0.9612700000000001,0.06,11.49638,-15.897179999999999,-5.07285,-0.41418999999999995,-0.10634000000000032,-9.99418,450,NLO,NN-only,0.5,
1.01196,0.07,12.74067,-18.117639999999998,-5.13394,-0.27376,-0.08462999999999997,-10.869300000000004,450,NLO,NN-only,0.5,
1.0580200000000002,0.08,13.926870000000001,-20.26158,-5.14113,-0.16575999999999996,-0.0692600000000001,-11.71086,450,NLO,NN-only,0.5,
1.10038,0.09,15.064520000000002,-22.33488,-5.11172,-0.08301999999999997,-0.08335999999999988,-12.54846,450,NLO,NN-only,0.5,
1.13972,0.1,16.16071,-24.342270000000003,-5.0588,-0.022379999999999983,-0.09254000000000008,-13.355279999999995,450,NLO,NN-only,0.5,
1.17651,0.11,17.220879999999998,-26.28763,-4.99014,0.02273,-0.10783000000000008,-14.14199,450,NLO,NN-only,0.5,
1.2111299999999998,0.12,18.249370000000003,-28.17428,-4.91228,0.05325000000000002,-0.11443000000000016,-14.898370000000002,450,NLO,NN-only,0.5,
1.2438799999999999,0.13,19.24964,-30.00507,-4.82911,0.07587999999999998,-0.10775,-15.61641,450,NLO,NN-only,0.5,
1.27499,0.14,20.22456,-31.7825,-4.74481,0.09028999999999998,-0.12595000000000026,-16.33841,450,NLO,NN-only,0.5,
1.30465,0.15,21.17651,-33.508829999999996,-4.6616599999999995,0.10116000000000004,-0.11431000000000002,-17.007130000000004,450,NLO,NN-only,0.5,
1.33302,0.16,22.10753,-35.18607,-4.58056,0.10682,-0.1330300000000002,-17.685310000000005,450,NLO,NN-only,0.5,
1.3602299999999998,0.17,23.01934,-36.81606,-4.50119,0.11020000000000002,-0.13533000000000006,-18.32304,450,NLO,NN-only,0.5,
1.3864,0.18,23.913439999999998,-38.400490000000005,-4.42563,0.11251999999999998,-0.12169999999999992,-18.921859999999995,450,NLO,NN-only,0.5,
1.41161,0.19,24.79111,-39.94093,-4.35344,0.11187000000000002,-0.11580999999999995,-19.5072,450,NLO,NN-only,0.5,
1.43595,0.2,25.65352,-41.438829999999996,-4.28525,0.11044000000000001,-0.12416000000000005,-20.08428,450,NLO,NN-only,0.5,
1.4595,0.21,26.50167,-42.89555,-4.22029,0.11027000000000002,-0.11002000000000024,-20.61392,450,NLO,NN-only,0.5,
1.13972,0.05,16.16071,-7.948580000000001,-0.96598,0.05397,-0.04907999999999998,7.2510400000000015,450,NLO,NN+3N,0.0,
1.2111299999999998,0.06,18.249370000000003,-9.27137,-1.03114,0.05987000000000001,-0.047989999999999984,7.95874,450,NLO,NN+3N,0.0,
1.27499,0.07,20.22456,-10.54252,-1.09894,0.06714999999999999,-0.044839999999999984,8.605410000000001,450,NLO,NN+3N,0.0,
1.33302,0.08,22.10753,-11.76711,-1.16848,0.07708000000000001,-0.04342,9.2056,450,NLO,NN+3N,0.0,
1.3864,0.09,23.913439999999998,-12.949069999999999,-1.23735,0.08725,-0.0401,9.774170000000002,450,NLO,NN+3N,0.0,
1.43595,0.1,25.65352,-14.091560000000001,-1.30443,0.09859,-0.04019999999999997,10.31592,450,NLO,NN+3N,0.0,
1.48231,0.11,27.33645,-15.1972,-1.36737,0.10864,-0.040580000000000005,10.83994,450,NLO,NN+3N,0.0,
1.52593,0.12,28.96906,-16.26823,-1.42541,0.11945,-0.041510000000000005,11.35336,450,NLO,NN+3N,0.0,
1.5671899999999999,0.13,30.556890000000003,-17.3066,-1.47821,0.12780999999999998,-0.03930999999999997,11.86058,450,NLO,NN+3N,0.0,
1.60639,0.14,32.10448,-18.314020000000003,-1.5245799999999998,0.13391,-0.04186999999999999,12.357920000000005,450,NLO,NN+3N,0.0,
1.6437599999999999,0.15,33.61562,-19.29203,-1.5649600000000001,0.13967999999999994,-0.04089000000000001,12.85742,450,NLO,NN+3N,0.0,
1.6795,0.16,35.09352,-20.24203,-1.5983399999999999,0.14346,-0.041250000000000016,13.355359999999996,450,NLO,NN+3N,0.0,
1.7137900000000001,0.17,36.540929999999996,-21.16528,-1.62501,0.14407,-0.042030000000000026,13.852680000000005,450,NLO,NN+3N,0.0,
1.74675,0.18,37.96021,-22.06297,-1.6448200000000002,0.14465,-0.04497000000000001,14.352099999999995,450,NLO,NN+3N,0.0,
1.77852,0.19,39.35344,-22.93616,-1.6592900000000002,0.14232,-0.043330000000000014,14.856979999999998,450,NLO,NN+3N,0.0,
1.80919,0.2,40.722429999999996,-23.785870000000003,-1.66763,0.1397,-0.04625999999999998,15.362370000000006,450,NLO,NN+3N,0.0,
1.83885,0.21,42.06877,-24.61305,-1.67085,0.13666,-0.04747,15.87406,450,NLO,NN+3N,0.0,
0.90459,0.05,10.18061,-13.59256,-4.93144,-0.5891200000000001,-0.18640000000000007,-9.11891,450,NLO,NN+3N,0.5,
0.9612700000000001,0.06,11.49638,-15.897179999999999,-5.07285,-0.41418999999999995,-0.10634000000000032,-9.99418,450,NLO,NN+3N,0.5,
1.01196,0.07,12.74067,-18.117639999999998,-5.13394,-0.27376,-0.08462999999999997,-10.869300000000004,450,NLO,NN+3N,0.5,
1.0580200000000002,0.08,13.926870000000001,-20.26158,-5.14113,-0.16575999999999996,-0.0692600000000001,-11.71086,450,NLO,NN+3N,0.5,
1.10038,0.09,15.064520000000002,-22.33488,-5.11172,-0.08301999999999997,-0.08335999999999988,-12.54846,450,NLO,NN+3N,0.5,
1.13972,0.1,16.16071,-24.342270000000003,-5.0588,-0.022379999999999983,-0.09254000000000008,-13.355279999999995,450,NLO,NN+3N,0.5,
1.17651,0.11,17.220879999999998,-26.28763,-4.99014,0.02273,-0.10783000000000008,-14.14199,450,NLO,NN+3N,0.5,
1.2111299999999998,0.12,18.249370000000003,-28.17428,-4.91228,0.05325000000000002,-0.11443000000000016,-14.898370000000002,450,NLO,NN+3N,0.5,
1.2438799999999999,0.13,19.24964,-30.00507,-4.82911,0.07587999999999998,-0.10775,-15.61641,450,NLO,NN+3N,0.5,
1.27499,0.14,20.22456,-31.7825,-4.74481,0.09028999999999998,-0.12595000000000026,-16.33841,450,NLO,NN+3N,0.5,
1.30465,0.15,21.17651,-33.508829999999996,-4.6616599999999995,0.10116000000000004,-0.11431000000000002,-17.007130000000004,450,NLO,NN+3N,0.5,
1.33302,0.16,22.10753,-35.18607,-4.58056,0.10682,-0.1330300000000002,-17.68531,450,NLO,NN+3N,0.5,
1.3602299999999998,0.17,23.01934,-36.81606,-4.50119,0.11020000000000002,-0.13533000000000006,-18.32304,450,NLO,NN+3N,0.5,
1.3864,0.18,23.913439999999998,-38.400490000000005,-4.42563,0.11251999999999998,-0.12169999999999992,-18.921859999999995,450,NLO,NN+3N,0.5,
1.41161,0.19,24.79111,-39.94093,-4.35344,0.11187000000000002,-0.11580999999999995,-19.5072,450,NLO,NN+3N,0.5,
1.43595,0.2,25.65352,-41.438829999999996,-4.28525,0.11044000000000001,-0.12416000000000005,-20.08428,450,NLO,NN+3N,0.5,
1.4595,0.21,26.50167,-42.89555,-4.22029,0.11027000000000002,-0.11002000000000024,-20.61392,450,NLO,NN+3N,0.5,
1.13972,0.05,16.16071,-7.4238100000000005,-1.5421799999999999,0.15632,-0.12266000000000002,7.228380000000002,500,NLO,NN-only,0.0,
1.2111299999999998,0.06,18.249370000000003,-8.62049,-1.7851700000000001,0.23446,-0.15642000000000006,7.9217499999999985,500,NLO,NN-only,0.0,
1.27499,0.07,20.22456,-9.7612,-2.0375900000000002,0.31529,-0.18959,8.551469999999998,500,NLO,NN-only,0.0,
1.33302,0.08,22.10753,-10.85158,-2.29473,0.39516999999999997,-0.21946999999999997,9.136920000000002,500,NLO,NN-only,0.0,
1.3864,0.09,23.913439999999998,-11.89603,-2.55212,0.47163999999999995,-0.24633000000000002,9.690600000000002,500,NLO,NN-only,0.0,
1.43595,0.1,25.65352,-12.8981,-2.8056799999999997,0.54325,-0.26846000000000003,10.22453,500,NLO,NN-only,0.0,
1.48231,0.11,27.33645,-13.86075,-3.0521,0.6059000000000001,-0.28443,10.74507,500,NLO,NN-only,0.0,
1.52593,0.12,28.96906,-14.78648,-3.2887199999999996,0.66018,-0.29387,11.26017,500,NLO,NN-only,0.0,
1.5671899999999999,0.13,30.556890000000003,-15.677470000000001,-3.5136,0.70467,-0.30457,11.76592,500,NLO,NN-only,0.0,
1.60639,0.14,32.10448,-16.53566,-3.72494,0.73878,-0.30660000000000004,12.276060000000005,500,NLO,NN-only,0.0,
1.6437599999999999,0.15,33.61562,-17.36276,-3.9215800000000005,0.7637700000000001,-0.31032999999999994,12.784719999999995,500,NLO,NN-only,0.0,
1.6795,0.16,35.09352,-18.16031,-4.10254,0.77855,-0.31503999999999993,13.294179999999995,500,NLO,NN-only,0.0,
1.7137900000000001,0.17,36.540929999999996,-18.92974,-4.26759,0.7865300000000001,-0.3125100000000001,13.817620000000005,500,NLO,NN-only,0.0,
1.74675,0.18,37.96021,-19.672320000000003,-4.41671,0.7852,-0.3106300000000001,14.345749999999995,500,NLO,NN-only,0.0,
1.77852,0.19,39.35344,-20.38927,-4.55025,0.77764,-0.30615000000000003,14.885409999999998,500,NLO,NN-only,0.0,
1.80919,0.2,40.722429999999996,-21.08168,-4.66873,0.76612,-0.3045100000000001,15.433630000000004,500,NLO,NN-only,0.0,
1.83885,0.21,42.06877,-21.75059,-4.77265,0.7476100000000001,-0.2962799999999999,15.996860000000005,500,NLO,NN-only,0.0,
0.90459,0.05,10.18061,-12.73142,-5.465,-0.6114900000000001,-0.19270000000000054,-8.82,500,NLO,NN-only,0.5,
0.9612700000000001,0.06,11.49638,-14.85326,-5.77156,-0.43703,-0.11247000000000028,-9.67794,500,NLO,NN-only,0.5,
1.01196,0.07,12.74067,-16.88881,-6.00004,-0.28984,-0.07996999999999987,-10.51799,500,NLO,NN-only,0.5,
1.0580200000000002,0.08,13.926870000000001,-18.84595,-6.17534,-0.16907999999999998,-0.06891000000000003,-11.332410000000001,500,NLO,NN-only,0.5,
1.10038,0.09,15.064520000000002,-20.73077,-6.31459,-0.07072999999999999,-0.0622999999999998,-12.11387,500,NLO,NN-only,0.5,
1.13972,0.1,16.16071,-22.54812,-6.42807,0.011589999999999991,-0.08144000000000018,-12.88533,500,NLO,NN-only,0.5,
1.17651,0.11,17.220879999999998,-24.30201,-6.52383,0.08011,-0.10059000000000018,-13.62544,500,NLO,NN-only,0.5,
1.2111299999999998,0.12,18.249370000000003,-25.995829999999998,-6.6082399999999994,0.13733999999999996,-0.10986999999999993,-14.327230000000005,500,NLO,NN-only,0.5,
1.2438799999999999,0.13,19.24964,-27.63249,-6.68558,0.18912,-0.125,-15.00431,500,NLO,NN-only,0.5,
1.27499,0.14,20.22456,-29.214540000000003,-6.75793,0.23201999999999998,-0.1387900000000002,-15.65468,500,NLO,NN-only,0.5,
1.30465,0.15,21.17651,-30.74425,-6.82788,0.27087,-0.16001,-16.284760000000002,500,NLO,NN-only,0.5,
1.33302,0.16,22.10753,-32.22364,-6.895810000000001,0.30806,-0.18286999999999987,-16.886730000000004,500,NLO,NN-only,0.5,
1.3602299999999998,0.17,23.01934,-33.65457,-6.9623800000000005,0.3439,-0.20667000000000013,-17.460379999999994,500,NLO,NN-only,0.5,
1.3864,0.18,23.913439999999998,-35.03872,-7.029739999999999,0.37664000000000003,-0.21440999999999974,-17.99279,500,NLO,NN-only,0.5,
1.41161,0.19,24.79111,-36.37764,-7.09691,0.40681,-0.24013000000000015,-18.51676,500,NLO,NN-only,0.5,
1.43595,0.2,25.65352,-37.67277,-7.16458,0.43804,-0.2582900000000001,-19.00408,500,NLO,NN-only,0.5,
1.4595,0.21,26.50167,-38.92546,-7.23181,0.46653,-0.2865000000000002,-19.47557,500,NLO,NN-only,0.5,
1.13972,0.05,16.16071,-7.4238100000000005,-1.5421799999999999,0.15632,-0.12266000000000002,7.228380000000002,500,NLO,NN+3N,0.0,
1.2111299999999998,0.06,18.249370000000003,-8.62049,-1.7851700000000001,0.23446,-0.15642000000000006,7.9217499999999985,500,NLO,NN+3N,0.0,
1.27499,0.07,20.22456,-9.7612,-2.0375900000000002,0.31529,-0.18959,8.55147,500,NLO,NN+3N,0.0,
1.33302,0.08,22.10753,-10.85158,-2.29473,0.39516999999999997,-0.21946999999999997,9.136920000000002,500,NLO,NN+3N,0.0,
1.3864,0.09,23.913439999999998,-11.89603,-2.55212,0.47163999999999995,-0.24633000000000002,9.690600000000002,500,NLO,NN+3N,0.0,
1.43595,0.1,25.65352,-12.8981,-2.8056799999999997,0.54325,-0.26846000000000003,10.22453,500,NLO,NN+3N,0.0,
1.48231,0.11,27.33645,-13.86075,-3.0521,0.6059000000000001,-0.28443,10.74507,500,NLO,NN+3N,0.0,
1.52593,0.12,28.96906,-14.78648,-3.2887199999999996,0.66018,-0.29387,11.26017,500,NLO,NN+3N,0.0,
1.5671899999999999,0.13,30.556890000000003,-15.677470000000001,-3.5136,0.70467,-0.30457,11.76592,500,NLO,NN+3N,0.0,
1.60639,0.14,32.10448,-16.53566,-3.72494,0.73878,-0.30660000000000004,12.276060000000005,500,NLO,NN+3N,0.0,
1.6437599999999999,0.15,33.61562,-17.36276,-3.9215800000000005,0.7637700000000001,-0.31032999999999994,12.784719999999998,500,NLO,NN+3N,0.0,
1.6795,0.16,35.09352,-18.16031,-4.10254,0.77855,-0.31503999999999993,13.294179999999995,500,NLO,NN+3N,0.0,
1.7137900000000001,0.17,36.540929999999996,-18.92974,-4.26759,0.7865300000000001,-0.3125100000000001,13.817620000000005,500,NLO,NN+3N,0.0,
1.74675,0.18,37.96021,-19.672320000000003,-4.41671,0.7852,-0.3106300000000001,14.345749999999995,500,NLO,NN+3N,0.0,
1.77852,0.19,39.35344,-20.38927,-4.55025,0.77764,-0.30615000000000003,14.885409999999998,500,NLO,NN+3N,0.0,
1.80919,0.2,40.722429999999996,-21.08168,-4.66873,0.76612,-0.3045100000000001,15.433630000000004,500,NLO,NN+3N,0.0,
1.83885,0.21,42.06877,-21.75059,-4.77265,0.7476100000000001,-0.2962799999999999,15.996860000000005,500,NLO,NN+3N,0.0,
0.90459,0.05,10.18061,-12.73142,-5.465,-0.6114900000000001,-0.19270000000000054,-8.82,500,NLO,NN+3N,0.5,
0.9612700000000001,0.06,11.49638,-14.85326,-5.77156,-0.43703,-0.11247000000000028,-9.67794,500,NLO,NN+3N,0.5,
1.01196,0.07,12.74067,-16.88881,-6.00004,-0.28984,-0.07996999999999987,-10.51799,500,NLO,NN+3N,0.5,
1.0580200000000002,0.08,13.926870000000001,-18.84595,-6.17534,-0.16907999999999998,-0.06891000000000003,-11.332410000000001,500,NLO,NN+3N,0.5,
1.10038,0.09,15.064520000000002,-20.73077,-6.31459,-0.07072999999999999,-0.0622999999999998,-12.11387,500,NLO,NN+3N,0.5,
1.13972,0.1,16.16071,-22.54812,-6.42807,0.011589999999999991,-0.08144000000000018,-12.88533,500,NLO,NN+3N,0.5,
1.17651,0.11,17.220879999999998,-24.30201,-6.52383,0.08011,-0.10059000000000018,-13.62544,500,NLO,NN+3N,0.5,
1.2111299999999998,0.12,18.249370000000003,-25.995829999999998,-6.6082399999999994,0.13733999999999996,-0.10986999999999993,-14.327230000000005,500,NLO,NN+3N,0.5,
1.2438799999999999,0.13,19.24964,-27.63249,-6.68558,0.18912,-0.125,-15.00431,500,NLO,NN+3N,0.5,
1.27499,0.14,20.22456,-29.214540000000003,-6.75793,0.23201999999999998,-0.1387900000000002,-15.65468,500,NLO,NN+3N,0.5,
1.30465,0.15,21.17651,-30.74425,-6.82788,0.27087,-0.16001,-16.284760000000002,500,NLO,NN+3N,0.5,
1.33302,0.16,22.10753,-32.22364,-6.895810000000001,0.30806,-0.18286999999999987,-16.886730000000004,500,NLO,NN+3N,0.5,
1.3602299999999998,0.17,23.01934,-33.65457,-6.9623800000000005,0.3439,-0.20667000000000013,-17.460379999999997,500,NLO,NN+3N,0.5,
1.3864,0.18,23.913439999999998,-35.03872,-7.029739999999999,0.37664000000000003,-0.21440999999999974,-17.992789999999996,500,NLO,NN+3N,0.5,
1.41161,0.19,24.79111,-36.37764,-7.09691,0.40681,-0.24013000000000015,-18.51676,500,NLO,NN+3N,0.5,
1.43595,0.2,25.65352,-37.67277,-7.16458,0.43804,-0.2582900000000001,-19.00408,500,NLO,NN+3N,0.5,
1.4595,0.21,26.50167,-38.92546,-7.23181,0.46653,-0.2865000000000002,-19.47557,500,NLO,NN+3N,0.5,
1.13972,0.05,16.16071,-8.41302,-1.1142,0.17538,-0.08557000000000001,6.723300000000003,450,N2LO,NN-only,0.0,
1.2111299999999998,0.06,18.249370000000003,-9.808769999999999,-1.19018,0.20026,-0.09306999999999996,7.3576099999999975,450,N2LO,NN-only,0.0,
1.27499,0.07,20.22456,-11.14357,-1.2589700000000001,0.21786999999999998,-0.09675,7.94314,450,N2LO,NN-only,0.0,
1.33302,0.08,22.10753,-12.42341,-1.3214700000000001,0.23063000000000003,-0.09965,8.49363,450,N2LO,NN-only,0.0,
1.3864,0.09,23.913439999999998,-13.653270000000001,-1.3785100000000001,0.23883,-0.09738,9.023110000000004,450,N2LO,NN-only,0.0,
1.43595,0.1,25.65352,-14.837370000000002,-1.4311,0.24436,-0.09598,9.533430000000001,450,N2LO,NN-only,0.0,
1.48231,0.11,27.33645,-15.979370000000001,-1.4790299999999998,0.24887,-0.09171,10.035210000000001,450,N2LO,NN-only,0.0,
1.52593,0.12,28.96906,-17.08245,-1.52274,0.24847,-0.08880999999999997,10.523529999999996,450,N2LO,NN-only,0.0,
1.5671899999999999,0.13,30.556890000000003,-18.14939,-1.5632700000000002,0.2499,-0.08694999999999997,11.00718,450,N2LO,NN-only,0.0,
1.60639,0.14,32.10448,-19.18262,-1.60026,0.24753000000000003,-0.08331000000000002,11.48582,450,N2LO,NN-only,0.0,
1.6437599999999999,0.15,33.61562,-20.184279999999998,-1.6346,0.24565,-0.08359,11.958799999999998,450,N2LO,NN-only,0.0,
1.6795,0.16,35.09352,-21.15625,-1.66642,0.24292,-0.07907,12.434699999999998,450,N2LO,NN-only,0.0,
1.7137900000000001,0.17,36.540929999999996,-22.100189999999998,-1.6957799999999998,0.2402,-0.07582000000000003,12.909340000000002,450,N2LO,NN-only,0.0,
1.74675,0.18,37.96021,-23.01752,-1.7227700000000001,0.23669,-0.07694,13.379669999999996,450,N2LO,NN-only,0.0,
1.77852,0.19,39.35344,-23.9095,-1.7482900000000001,0.2328,-0.07207000000000002,13.856379999999994,450,N2LO,NN-only,0.0,
1.80919,0.2,40.722429999999996,-24.77722,-1.77174,0.22825,-0.07544000000000002,14.326280000000002,450,N2LO,NN-only,0.0,
1.83885,0.21,42.06877,-25.621660000000002,-1.7932700000000001,0.22544,-0.06896999999999998,14.810310000000005,450,N2LO,NN-only,0.0,
0.90459,0.05,10.18061,-13.09879,-5.46853,-0.6339499999999999,-0.12492999999999975,-9.145589999999999,450,N2LO,NN-only,0.5,
0.9612700000000001,0.06,11.49638,-15.32214,-5.77867,-0.46165,-0.0062400000000000224,-10.07232,450,N2LO,NN-only,0.5,
1.01196,0.07,12.74067,-17.46725,-5.99665,-0.31463,0.07977999999999974,-10.95808,450,N2LO,NN-only,0.5,
1.0580200000000002,0.08,13.926870000000001,-19.54204,-6.14608,-0.19170000000000004,0.1356599999999999,-11.817290000000002,450,N2LO,NN-only,0.5,
1.10038,0.09,15.064520000000002,-21.552629999999997,-6.2446,-0.09249000000000003,0.16403999999999996,-12.66116,450,N2LO,NN-only,0.5,
1.13972,0.1,16.16071,-23.50398,-6.30448,-0.011590000000000043,0.17763000000000018,-13.481709999999996,450,N2LO,NN-only,0.5,
1.17651,0.11,17.220879999999998,-25.40022,-6.33389,0.05518999999999991,0.1727599999999998,-14.285279999999998,450,N2LO,NN-only,0.5,
1.2111299999999998,0.12,18.249370000000003,-27.24486,-6.34098,0.10849000000000003,0.15547999999999984,-15.072500000000002,450,N2LO,NN-only,0.5,
1.2438799999999999,0.13,19.24964,-29.04093,-6.33014,0.14884999999999998,0.13522000000000034,-15.83736,450,N2LO,NN-only,0.5,
1.27499,0.14,20.22456,-30.791120000000003,-6.30773,0.18436,0.12729000000000013,-16.56264,450,N2LO,NN-only,0.5,
1.30465,0.15,21.17651,-32.49781,-6.27534,0.20919,0.1010899999999999,-17.286360000000002,450,N2LO,NN-only,0.5,
1.33302,0.16,22.10753,-34.16312,-6.23883,0.22948,0.0746800000000003,-17.99026,450,N2LO,NN-only,0.5,
1.3602299999999998,0.17,23.01934,-35.78898,-6.19991,0.24588999999999994,0.05047000000000002,-18.673189999999998,450,N2LO,NN-only,0.5,
1.3864,0.18,23.913439999999998,-37.37717,-6.159730000000001,0.25749999999999995,0.03539999999999988,-19.330560000000002,450,N2LO,NN-only,0.5,
1.41161,0.19,24.79111,-38.92928,-6.12075,0.27043,0.011160000000000059,-19.97733,450,N2LO,NN-only,0.5,
1.43595,0.2,25.65352,-40.4468,-6.08435,0.27815,0.006919999999999815,-20.59256,450,N2LO,NN-only,0.5,
1.4595,0.21,26.50167,-41.93111,-6.05017,0.2828,-0.021259999999999838,-21.218069999999987,450,N2LO,NN-only,0.5,
1.13972,0.05,16.16071,-7.902579999999999,-1.1465500000000002,0.195,-0.08557000000000001,7.2210100000000015,450,N2LO,NN+3N,0.0,1.0
1.2111299999999998,0.06,18.249370000000003,-9.041,-1.2659200000000002,0.21883,-0.09306999999999996,8.068209999999999,450,N2LO,NN+3N,0.0,1.0
1.27499,0.07,20.22456,-10.06281,-1.38962,0.23358000000000004,-0.09675,8.908959999999997,450,N2LO,NN+3N,0.0,1.0
1.33302,0.08,22.10753,-10.97383,-1.5154100000000001,0.24312000000000006,-0.09965,9.761760000000002,450,N2LO,NN+3N,0.0,1.0
1.3864,0.09,23.913439999999998,-11.77936,-1.64135,0.24706,-0.09738,10.642410000000003,450,N2LO,NN+3N,0.0,1.0
1.43595,0.1,25.65352,-12.48429,-1.7652700000000001,0.24776000000000006,-0.09598,11.555740000000002,450,N2LO,NN+3N,0.0,1.0
1.48231,0.11,27.33645,-13.09339,-1.88482,0.2474,-0.09171,12.51393,450,N2LO,NN+3N,0.0,1.0
1.52593,0.12,28.96906,-13.611240000000002,-1.99806,0.24317000000000005,-0.08880999999999997,13.514119999999995,450,N2LO,NN+3N,0.0,1.0
1.5671899999999999,0.13,30.556890000000003,-14.0424,-2.10412,0.24038000000000004,-0.08694999999999997,14.5638,450,N2LO,NN+3N,0.0,1.0
1.60639,0.14,32.10448,-14.39136,-2.20207,0.23598000000000002,-0.08331000000000002,15.663720000000005,450,N2LO,NN+3N,0.0,1.0
1.6437599999999999,0.15,33.61562,-14.66256,-2.29073,0.23505,-0.08359,16.81379,450,N2LO,NN+3N,0.0,1.0
1.6795,0.16,35.09352,-14.86046,-2.3703700000000003,0.23456,-0.07907,18.01818,450,N2LO,NN+3N,0.0,1.0
1.7137900000000001,0.17,36.540929999999996,-14.98947,-2.44015,0.23105000000000006,-0.07582000000000003,19.266540000000006,450,N2LO,NN+3N,0.0,1.0
1.74675,0.18,37.96021,-15.053920000000002,-2.50118,0.22835999999999998,-0.07694,20.556529999999995,450,N2LO,NN+3N,0.0,1.0
1.77852,0.19,39.35344,-15.05812,-2.5543599999999995,0.22743000000000002,-0.07207000000000002,21.896320000000003,450,N2LO,NN+3N,0.0,1.0
1.80919,0.2,40.722429999999996,-15.006260000000001,-2.5980600000000003,0.23153,-0.07544000000000002,23.274200000000004,450,N2LO,NN+3N,0.0,1.0
1.83885,0.21,42.06877,-14.90248,-2.6349,0.24053,-0.06896999999999998,24.702950000000005,450,N2LO,NN+3N,0.0,1.0
1.13972,0.05,16.16071,-7.902579999999999,-1.1465500000000002,0.195,-0.08557000000000001,7.2210100000000015,450,N2LO,NN+3N,0.0,2.0
1.2111299999999998,0.06,18.249370000000003,-9.041,-1.2659200000000002,0.21883,-0.09306999999999996,8.068209999999999,450,N2LO,NN+3N,0.0,2.0
1.27499,0.07,20.22456,-10.06281,-1.38962,0.23358000000000004,-0.09675,8.908959999999997,450,N2LO,NN+3N,0.0,2.0
1.33302,0.08,22.10753,-10.97383,-1.5154100000000001,0.24312000000000006,-0.09965,9.761760000000002,450,N2LO,NN+3N,0.0,2.0
1.3864,0.09,23.913439999999998,-11.77936,-1.64135,0.24706,-0.09738,10.642410000000003,450,N2LO,NN+3N,0.0,2.0
1.43595,0.1,25.65352,-12.48429,-1.7652700000000001,0.24776000000000006,-0.09598,11.555740000000002,450,N2LO,NN+3N,0.0,2.0
1.48231,0.11,27.33645,-13.09339,-1.88482,0.2474,-0.09171,12.51393,450,N2LO,NN+3N,0.0,2.0
1.52593,0.12,28.96906,-13.611240000000002,-1.99806,0.24317000000000005,-0.08880999999999997,13.514119999999995,450,N2LO,NN+3N,0.0,2.0
1.5671899999999999,0.13,30.556890000000003,-14.0424,-2.10412,0.24038000000000004,-0.08694999999999997,14.5638,450,N2LO,NN+3N,0.0,2.0
1.60639,0.14,32.10448,-14.39136,-2.20207,0.23598000000000002,-0.08331000000000002,15.663720000000005,450,N2LO,NN+3N,0.0,2.0
1.6437599999999999,0.15,33.61562,-14.66256,-2.29073,0.23505,-0.08359,16.81379,450,N2LO,NN+3N,0.0,2.0
1.6795,0.16,35.09352,-14.86046,-2.3703700000000003,0.23456,-0.07907,18.01818,450,N2LO,NN+3N,0.0,2.0
1.7137900000000001,0.17,36.540929999999996,-14.98947,-2.44015,0.23105000000000006,-0.07582000000000003,19.266540000000006,450,N2LO,NN+3N,0.0,2.0
1.74675,0.18,37.96021,-15.053920000000002,-2.50118,0.22835999999999998,-0.07694,20.556529999999995,450,N2LO,NN+3N,0.0,2.0
1.77852,0.19,39.35344,-15.05812,-2.5543599999999995,0.22743000000000002,-0.07207000000000002,21.896320000000003,450,N2LO,NN+3N,0.0,2.0
1.80919,0.2,40.722429999999996,-15.006260000000001,-2.5980600000000003,0.23153,-0.07544000000000002,23.274200000000004,450,N2LO,NN+3N,0.0,2.0
1.83885,0.21,42.06877,-14.90248,-2.6349,0.24053,-0.06896999999999998,24.702950000000005,450,N2LO,NN+3N,0.0,2.0
1.13972,0.05,16.16071,-7.902579999999999,-1.1465500000000002,0.195,-0.08557000000000001,7.2210100000000015,450,N2LO,NN+3N,0.0,3.0
1.2111299999999998,0.06,18.249370000000003,-9.041,-1.2659200000000002,0.21883,-0.09306999999999996,8.068209999999999,450,N2LO,NN+3N,0.0,3.0
1.27499,0.07,20.22456,-10.06281,-1.38962,0.23358000000000004,-0.09675,8.908959999999997,450,N2LO,NN+3N,0.0,3.0
1.33302,0.08,22.10753,-10.97383,-1.5154100000000001,0.24312000000000006,-0.09965,9.761760000000002,450,N2LO,NN+3N,0.0,3.0
1.3864,0.09,23.913439999999998,-11.77936,-1.64135,0.24706,-0.09738,10.642410000000003,450,N2LO,NN+3N,0.0,3.0
1.43595,0.1,25.65352,-12.48429,-1.7652700000000001,0.24776000000000006,-0.09598,11.555740000000002,450,N2LO,NN+3N,0.0,3.0
1.48231,0.11,27.33645,-13.09339,-1.88482,0.2474,-0.09171,12.51393,450,N2LO,NN+3N,0.0,3.0
1.52593,0.12,28.96906,-13.611240000000002,-1.99806,0.24317000000000005,-0.08880999999999997,13.514119999999995,450,N2LO,NN+3N,0.0,3.0
1.5671899999999999,0.13,30.556890000000003,-14.0424,-2.10412,0.24038000000000004,-0.08694999999999997,14.5638,450,N2LO,NN+3N,0.0,3.0
1.60639,0.14,32.10448,-14.39136,-2.20207,0.23598000000000002,-0.08331000000000002,15.663720000000005,450,N2LO,NN+3N,0.0,3.0
1.6437599999999999,0.15,33.61562,-14.66256,-2.29073,0.23505,-0.08359,16.81379,450,N2LO,NN+3N,0.0,3.0
1.6795,0.16,35.09352,-14.86046,-2.3703700000000003,0.23456,-0.07907,18.01818,450,N2LO,NN+3N,0.0,3.0
1.7137900000000001,0.17,36.540929999999996,-14.98947,-2.44015,0.23105000000000006,-0.07582000000000003,19.266540000000006,450,N2LO,NN+3N,0.0,3.0
1.74675,0.18,37.96021,-15.053920000000002,-2.50118,0.22835999999999998,-0.07694,20.556529999999995,450,N2LO,NN+3N,0.0,3.0
1.77852,0.19,39.35344,-15.05812,-2.5543599999999995,0.22743000000000002,-0.07207000000000002,21.896320000000003,450,N2LO,NN+3N,0.0,3.0
1.80919,0.2,40.722429999999996,-15.006260000000001,-2.5980600000000003,0.23153,-0.07544000000000002,23.274200000000004,450,N2LO,NN+3N,0.0,3.0
1.83885,0.21,42.06877,-14.90248,-2.6349,0.24053,-0.06896999999999998,24.702950000000005,450,N2LO,NN+3N,0.0,3.0
0.90459,0.05,10.18061,-12.20027,-6.2340800000000005,-0.22162,-0.12492999999999975,-8.600290000000001,450,N2LO,NN+3N,0.5,1.0
0.9612700000000001,0.06,11.49638,-13.961260000000001,-6.903980000000002,-0.08628000000000002,-0.0062400000000000224,-9.46138,450,N2LO,NN+3N,0.5,1.0
1.01196,0.07,12.74067,-15.53941,-7.5467,-0.03899999999999998,0.07977999999999974,-10.30466,450,N2LO,NN+3N,0.5,1.0
1.0580200000000002,0.08,13.926870000000001,-16.94053,-8.18019,-0.07462000000000002,0.1356599999999999,-11.132810000000001,450,N2LO,NN+3N,0.5,1.0
1.10038,0.09,15.064520000000002,-18.16916,-8.81493,-0.18667,0.16403999999999996,-11.9422,450,N2LO,NN+3N,0.5,1.0
1.13972,0.1,16.16071,-19.22904,-9.45662,-0.35281,0.17763000000000018,-12.700129999999994,450,N2LO,NN+3N,0.5,1.0
1.17651,0.11,17.220879999999998,-20.123420000000007,-10.10737,-0.5690600000000001,0.1727599999999998,-13.406210000000002,450,N2LO,NN+3N,0.5,1.0
1.2111299999999998,0.12,18.249370000000003,-20.85523,-10.76728,-0.8177399999999999,0.15547999999999984,-14.0354,450,N2LO,NN+3N,0.5,1.0
1.2438799999999999,0.13,19.24964,-21.42716,-11.43396,-1.0987999999999998,0.13522000000000034,-14.57506,450,N2LO,NN+3N,0.5,1.0
1.27499,0.14,20.22456,-21.84177,-12.10911,-1.38196,0.12729000000000013,-14.980989999999995,450,N2LO,NN+3N,0.5,1.0
1.30465,0.15,21.17651,-22.101550000000003,-12.7883,-1.6791099999999999,0.1010899999999999,-15.291360000000005,450,N2LO,NN+3N,0.5,1.0
1.33302,0.16,22.10753,-22.2089,-13.47117,-1.9618,0.0746800000000003,-15.459660000000001,450,N2LO,NN+3N,0.5,1.0
1.3602299999999998,0.17,23.01934,-22.16623,-14.1574,-2.25258,0.05047000000000002,-15.5064,450,N2LO,NN+3N,0.5,1.0
1.3864,0.18,23.913439999999998,-21.976,-14.84501,-2.5149099999999995,0.03539999999999988,-15.387079999999996,450,N2LO,NN+3N,0.5,1.0
1.41161,0.19,24.79111,-21.64064,-15.53321,-2.7546500000000003,0.011160000000000059,-15.12623,450,N2LO,NN+3N,0.5,1.0
1.43595,0.2,25.65352,-21.162640000000003,-16.21885,-2.96687,0.006919999999999815,-14.687920000000002,450,N2LO,NN+3N,0.5,1.0
1.4595,0.21,26.50167,-20.54455,-16.90108,-3.1778299999999997,-0.021259999999999838,-14.143049999999995,450,N2LO,NN+3N,0.5,1.0
0.90459,0.05,10.18061,-12.19178,-6.26656,-0.21469999999999995,-0.12389000000000028,-8.61632,450,N2LO,NN+3N,0.5,2.0
0.9612700000000001,0.06,11.49638,-13.947489999999998,-6.9520300000000015,-0.0823199999999999,-0.006560000000000343,-9.492019999999998,450,N2LO,NN+3N,0.5,2.0
1.01196,0.07,12.74067,-15.518920000000001,-7.613460000000001,-0.0393,0.08222000000000018,-10.34879,450,N2LO,NN+3N,0.5,2.0
1.0580200000000002,0.08,13.926870000000001,-16.91186,-8.26828,-0.08302000000000015,0.13647999999999993,-11.199810000000005,450,N2LO,NN+3N,0.5,2.0
1.10038,0.09,15.064520000000002,-18.13079,-8.92715,-0.2037,0.15791999999999984,-12.0392,450,N2LO,NN+3N,0.5,2.0
1.13972,0.1,16.16071,-19.17942,-9.59515,-0.38394,0.16887000000000008,-12.82893,450,N2LO,NN+3N,0.5,2.0
1.17651,0.11,17.220879999999998,-20.061010000000003,-10.27379,-0.6137600000000001,0.1676700000000002,-13.560010000000002,450,N2LO,NN+3N,0.5,2.0
1.2111299999999998,0.12,18.249370000000003,-20.77844,-10.964080000000001,-0.8753899999999999,0.15458000000000016,-14.21396,450,N2LO,NN+3N,0.5,2.0
1.2438799999999999,0.13,19.24964,-21.33439,-11.66226,-1.1675799999999998,0.13465000000000016,-14.77994,450,N2LO,NN+3N,0.5,2.0
1.27499,0.14,20.22456,-21.73142,-12.369819999999999,-1.4724899999999996,0.13581,-15.21336,450,N2LO,NN+3N,0.5,2.0
1.30465,0.15,21.17651,-21.97202,-13.082880000000001,-1.77823,0.08938000000000001,-15.56724,450,N2LO,NN+3N,0.5,2.0
1.33302,0.16,22.10753,-22.05858,-13.79986,-2.07649,0.06837000000000026,-15.759029999999996,450,N2LO,NN+3N,0.5,2.0
1.3602299999999998,0.17,23.01934,-21.99353,-14.5207,-2.3731599999999995,0.04335,-15.8247,450,N2LO,NN+3N,0.5,2.0
1.3864,0.18,23.913439999999998,-21.77931,-15.24316,-2.65033,0.029770000000000074,-15.729589999999998,450,N2LO,NN+3N,0.5,2.0
1.41161,0.19,24.79111,-21.41837,-15.965979999999998,-2.90994,0.011869999999999605,-15.49131,450,N2LO,NN+3N,0.5,2.0
1.43595,0.2,25.65352,-20.913220000000006,-16.68689,-3.15842,-0.0025900000000005363,-15.1076,450,N2LO,NN+3N,0.5,2.0
1.4595,0.21,26.50167,-20.26641,-17.40452,-3.34754,-0.023990000000000174,-14.540789999999998,450,N2LO,NN+3N,0.5,2.0
0.90459,0.05,10.18061,-12.18308,-6.2996300000000005,-0.2074599999999999,-0.1283399999999999,-8.637899999999998,450,N2LO,NN+3N,0.5,3.0
0.9612700000000001,0.06,11.49638,-13.93339,-7.00117,-0.07907,-0.00778000000000012,-9.525030000000001,450,N2LO,NN+3N,0.5,3.0
1.01196,0.07,12.74067,-15.498,-7.68155,-0.042529999999999964,0.07909999999999995,-10.40231,450,N2LO,NN+3N,0.5,3.0
1.0580200000000002,0.08,13.926870000000001,-16.882620000000003,-8.35845,-0.09304999999999987,0.13648999999999956,-11.270760000000001,450,N2LO,NN+3N,0.5,3.0
1.10038,0.09,15.064520000000002,-18.09169,-9.04217,-0.22167000000000012,0.16212999999999944,-12.12888,450,N2LO,NN+3N,0.5,3.0
1.13972,0.1,16.16071,-19.12892,-9.73713,-0.4137,0.1636099999999998,-12.955429999999994,450,N2LO,NN+3N,0.5,3.0
1.17651,0.11,17.220879999999998,-19.99751,-10.44472,-0.6547600000000001,0.15268999999999974,-13.72342,450,N2LO,NN+3N,0.5,3.0
1.2111299999999998,0.12,18.249370000000003,-20.70035,-11.16606,-0.9347099999999998,0.1540699999999997,-14.39768,450,N2LO,NN+3N,0.5,3.0
1.2438799999999999,0.13,19.24964,-21.2401,-11.89638,-1.23827,0.13831999999999978,-14.98679,450,N2LO,NN+3N,0.5,3.0
1.27499,0.14,20.22456,-21.61933,-12.6376,-1.5506099999999998,0.11942000000000008,-15.463559999999996,450,N2LO,NN+3N,0.5,3.0
1.30465,0.15,21.17651,-21.84048,-13.38512,-1.88923,0.0913999999999997,-15.84692,450,N2LO,NN+3N,0.5,3.0
1.33302,0.16,22.10753,-21.90599,-14.137189999999999,-2.19245,0.09029999999999982,-16.037799999999994,450,N2LO,NN+3N,0.5,3.0
1.3602299999999998,0.17,23.01934,-21.818250000000006,-14.89279,-2.51237,0.04872999999999972,-16.155340000000002,450,N2LO,NN+3N,0.5,3.0
1.3864,0.18,23.913439999999998,-21.57975,-15.65149,-2.812450000000001,0.03140999999999994,-16.098839999999996,450,N2LO,NN+3N,0.5,3.0
1.41161,0.19,24.79111,-21.19291,-16.41039,-3.07123,0.015409999999999925,-15.868009999999998,450,N2LO,NN+3N,0.5,3.0
1.43595,0.2,25.65352,-20.660260000000005,-17.16816,-3.31094,0.0015400000000000966,-15.484300000000005,450,N2LO,NN+3N,0.5,3.0
1.4595,0.21,26.50167,-19.984370000000002,-17.92235,-3.50007,-0.012499999999999956,-14.917620000000001,450,N2LO,NN+3N,0.5,3.0
1.13972,0.05,16.16071,-8.3061,-1.3193,0.22299000000000002,-0.11644999999999996,6.641850000000002,500,N2LO,NN-only,0.0,
1.2111299999999998,0.06,18.249370000000003,-9.67493,-1.4562,0.2638,-0.12880999999999998,7.2532299999999985,500,N2LO,NN-only,0.0,
1.27499,0.07,20.22456,-10.97954,-1.58844,0.29778000000000004,-0.13557000000000002,7.818789999999999,500,N2LO,NN-only,0.0,
1.33302,0.08,22.10753,-12.22558,-1.7165400000000002,0.3258,-0.14340000000000006,8.347809999999999,500,N2LO,NN-only,0.0,
1.3864,0.09,23.913439999999998,-13.41777,-1.8406,0.34905,-0.14614000000000002,8.85798,500,N2LO,NN-only,0.0,
1.43595,0.1,25.65352,-14.560179999999999,-1.9605099999999998,0.36821,-0.14671000000000006,9.354330000000001,500,N2LO,NN-only,0.0,
1.48231,0.11,27.33645,-15.65644,-2.0756,0.38335,-0.14845000000000005,9.839310000000001,500,N2LO,NN-only,0.0,
1.52593,0.12,28.96906,-16.70974,-2.18646,0.39554,-0.14447000000000002,10.32393,500,N2LO,NN-only,0.0,
1.5671899999999999,0.13,30.556890000000003,-17.72298,-2.29285,0.40506,-0.1452,10.80092,500,N2LO,NN-only,0.0,
1.60639,0.14,32.10448,-18.6988,-2.39492,0.4114,-0.14461000000000002,11.277550000000005,500,N2LO,NN-only,0.0,
1.6437599999999999,0.15,33.61562,-19.63958,-2.4931900000000002,0.41816000000000003,-0.13940999999999998,11.7616,500,N2LO,NN-only,0.0,
1.6795,0.16,35.09352,-20.54748,-2.5878,0.42175,-0.13849,12.241499999999998,500,N2LO,NN-only,0.0,
1.7137900000000001,0.17,36.540929999999996,-21.4245,-2.67888,0.42453,-0.13648999999999994,12.725590000000004,500,N2LO,NN-only,0.0,
1.74675,0.18,37.96021,-22.27246,-2.7668,0.42753,-0.13832000000000005,13.210159999999998,500,N2LO,NN-only,0.0,
1.77852,0.19,39.35344,-23.093000000000004,-2.85189,0.42545,-0.13455000000000006,13.699449999999995,500,N2LO,NN-only,0.0,
1.80919,0.2,40.722429999999996,-23.887629999999998,-2.93465,0.42699,-0.13291000000000006,14.19423,500,N2LO,NN-only,0.0,
1.83885,0.21,42.06877,-24.65774,-3.01507,0.42758999999999997,-0.13188999999999995,14.69166,500,N2LO,NN-only,0.0,
0.90459,0.05,10.18061,-12.202110000000001,-6.27693,-0.56782,-0.14806000000000008,-9.014309999999998,500,N2LO,NN-only,0.5,
0.9612700000000001,0.06,11.49638,-14.263,-6.7752300000000005,-0.39813000000000004,0.02878000000000025,-9.9112,500,N2LO,NN-only,0.5,
1.01196,0.07,12.74067,-16.249579999999998,-7.17564,-0.25236,0.15653000000000006,-10.78038,500,N2LO,NN-only,0.5,
1.0580200000000002,0.08,13.926870000000001,-18.16929,-7.498460000000001,-0.13036000000000006,0.2515999999999998,-11.619639999999999,500,N2LO,NN-only,0.5,
1.10038,0.09,15.064520000000002,-20.02789,-7.7602199999999995,-0.03090000000000004,0.31277,-12.44172,500,N2LO,NN-only,0.5,
1.13972,0.1,16.16071,-21.83,-7.97178,0.04932000000000003,0.34886000000000017,-13.242889999999996,500,N2LO,NN-only,0.5,
1.17651,0.11,17.220879999999998,-23.579439999999998,-8.14308,0.11356999999999998,0.36213999999999946,-14.025929999999999,500,N2LO,NN-only,0.5,
1.2111299999999998,0.12,18.249370000000003,-25.27947,-8.281930000000001,0.16533999999999993,0.3629899999999995,-14.7837,500,N2LO,NN-only,0.5,
1.2438799999999999,0.13,19.24964,-26.932890000000004,-8.39311,0.2045,0.36958000000000013,-15.502279999999999,500,N2LO,NN-only,0.5,
1.27499,0.14,20.22456,-28.54216,-8.48402,0.23706999999999995,0.3489499999999999,-16.215600000000002,500,N2LO,NN-only,0.5,
1.30465,0.15,21.17651,-30.10949,-8.5569,0.25945999999999997,0.33064000000000004,-16.89978,500,N2LO,NN-only,0.5,
1.33302,0.16,22.10753,-31.63683,-8.61578,0.2776500000000001,0.3248500000000001,-17.542579999999994,500,N2LO,NN-only,0.5,
1.3602299999999998,0.17,23.01934,-33.12597,-8.66337,0.29163,0.29972,-18.17865,500,N2LO,NN-only,0.5,
1.3864,0.18,23.913439999999998,-34.57855,-8.70223,0.29999000000000003,0.2605799999999996,-18.80677,500,N2LO,NN-only,0.5,
1.41161,0.19,24.79111,-35.99607,-8.73456,0.30749,0.23417999999999986,-19.39785,500,N2LO,NN-only,0.5,
1.43595,0.2,25.65352,-37.3799,-8.76131,0.31322999999999995,0.19720000000000049,-19.97726,500,N2LO,NN-only,0.5,
1.4595,0.21,26.50167,-38.73135,-8.784939999999999,0.31529,0.19376999999999955,-20.50556,500,N2LO,NN-only,0.5,
1.13972,0.05,16.16071,-7.79485,-1.3988,0.25913,-0.11644999999999996,7.109740000000002,500,N2LO,NN+3N,0.0,4.0
1.2111299999999998,0.06,18.249370000000003,-8.9052,-1.6093399999999998,0.30598999999999993,-0.12880999999999998,7.912009999999999,500,N2LO,NN+3N,0.0,4.0
1.27499,0.07,20.22456,-9.89466,-1.8360599999999998,0.34515,-0.13557000000000002,8.703420000000001,500,N2LO,NN+3N,0.0,4.0
1.33302,0.08,22.10753,-10.768189999999999,-2.07685,0.37792,-0.14340000000000006,9.497010000000001,500,N2LO,NN+3N,0.0,4.0
1.3864,0.09,23.913439999999998,-11.53016,-2.32864,0.40495,-0.14614000000000002,10.31345,500,N2LO,NN+3N,0.0,4.0
1.43595,0.1,25.65352,-12.18454,-2.5885599999999998,0.42865,-0.14671000000000006,11.16236,500,N2LO,NN+3N,0.0,4.0
1.48231,0.11,27.33645,-12.7351,-2.85174,0.44766999999999996,-0.14845000000000005,12.04883,500,N2LO,NN+3N,0.0,4.0
1.52593,0.12,28.96906,-13.18542,-3.11646,0.46428,-0.14447000000000002,12.98699,500,N2LO,NN+3N,0.0,4.0
1.5671899999999999,0.13,30.556890000000003,-13.53898,-3.37905,0.47854,-0.1452,13.9722,500,N2LO,NN+3N,0.0,4.0
1.60639,0.14,32.10448,-13.7992,-3.63704,0.49392,-0.14461000000000002,15.017550000000002,500,N2LO,NN+3N,0.0,4.0
1.6437599999999999,0.15,33.61562,-13.96943,-3.8894,0.5057499999999999,-0.13940999999999998,16.12313,500,N2LO,NN+3N,0.0,4.0
1.6795,0.16,35.09352,-14.05299,-4.13373,0.5203300000000001,-0.13849,17.288639999999994,500,N2LO,NN+3N,0.0,4.0
1.7137900000000001,0.17,36.540929999999996,-14.053209999999998,-4.36916,0.5341199999999999,-0.13648999999999994,18.516189999999998,500,N2LO,NN+3N,0.0,4.0
1.74675,0.18,37.96021,-13.973389999999998,-4.593380000000001,0.5530400000000001,-0.13832000000000005,19.80816,500,N2LO,NN+3N,0.0,4.0
1.77852,0.19,39.35344,-13.816820000000002,-4.806380000000001,0.5707399999999999,-0.13455000000000006,21.16643,500,N2LO,NN+3N,0.0,4.0
1.80919,0.2,40.722429999999996,-13.58678,-5.0088,0.5913700000000001,-0.13291000000000006,22.58531,500,N2LO,NN+3N,0.0,4.0
1.83885,0.21,42.06877,-13.28657,-5.20129,0.6121700000000001,-0.13188999999999995,24.06119,500,N2LO,NN+3N,0.0,4.0
1.13972,0.05,16.16071,-7.79485,-1.3988,0.25913,-0.11644999999999996,7.109740000000002,500,N2LO,NN+3N,0.0,5.0
1.2111299999999998,0.06,18.249370000000003,-8.9052,-1.6093399999999998,0.30598999999999993,-0.12880999999999998,7.912009999999999,500,N2LO,NN+3N,0.0,5.0
1.27499,0.07,20.22456,-9.89466,-1.8360599999999998,0.34515,-0.13557000000000002,8.703420000000001,500,N2LO,NN+3N,0.0,5.0
1.33302,0.08,22.10753,-10.768189999999999,-2.07685,0.37792,-0.14340000000000006,9.497010000000001,500,N2LO,NN+3N,0.0,5.0
1.3864,0.09,23.913439999999998,-11.53016,-2.32864,0.40495,-0.14614000000000002,10.31345,500,N2LO,NN+3N,0.0,5.0
1.43595,0.1,25.65352,-12.18454,-2.5885599999999998,0.42865,-0.14671000000000006,11.16236,500,N2LO,NN+3N,0.0,5.0
1.48231,0.11,27.33645,-12.7351,-2.85174,0.44766999999999996,-0.14845000000000005,12.04883,500,N2LO,NN+3N,0.0,5.0
1.52593,0.12,28.96906,-13.18542,-3.11646,0.46428,-0.14447000000000002,12.98699,500,N2LO,NN+3N,0.0,5.0
1.5671899999999999,0.13,30.556890000000003,-13.53898,-3.37905,0.47854,-0.1452,13.9722,500,N2LO,NN+3N,0.0,5.0
1.60639,0.14,32.10448,-13.7992,-3.63704,0.49392,-0.14461000000000002,15.017550000000002,500,N2LO,NN+3N,0.0,5.0
1.6437599999999999,0.15,33.61562,-13.96943,-3.8894,0.5057499999999999,-0.13940999999999998,16.12313,500,N2LO,NN+3N,0.0,5.0
1.6795,0.16,35.09352,-14.05299,-4.13373,0.5203300000000001,-0.13849,17.288639999999994,500,N2LO,NN+3N,0.0,5.0
1.7137900000000001,0.17,36.540929999999996,-14.053209999999998,-4.36916,0.5341199999999999,-0.13648999999999994,18.516189999999998,500,N2LO,NN+3N,0.0,5.0
1.74675,0.18,37.96021,-13.973389999999998,-4.593380000000001,0.5530400000000001,-0.13832000000000005,19.80816,500,N2LO,NN+3N,0.0,5.0
1.77852,0.19,39.35344,-13.816820000000002,-4.806380000000001,0.5707399999999999,-0.13455000000000006,21.16643,500,N2LO,NN+3N,0.0,5.0
1.80919,0.2,40.722429999999996,-13.58678,-5.0088,0.5913700000000001,-0.13291000000000006,22.58531,500,N2LO,NN+3N,0.0,5.0
1.83885,0.21,42.06877,-13.28657,-5.20129,0.6121700000000001,-0.13188999999999995,24.06119,500,N2LO,NN+3N,0.0,5.0
1.13972,0.05,16.16071,-7.79485,-1.3988,0.25913,-0.11644999999999996,7.109740000000002,500,N2LO,NN+3N,0.0,6.0
1.2111299999999998,0.06,18.249370000000003,-8.9052,-1.6093399999999998,0.30598999999999993,-0.12880999999999998,7.912009999999999,500,N2LO,NN+3N,0.0,6.0
1.27499,0.07,20.22456,-9.89466,-1.8360599999999998,0.34515,-0.13557000000000002,8.703420000000001,500,N2LO,NN+3N,0.0,6.0
1.33302,0.08,22.10753,-10.768189999999999,-2.07685,0.37792,-0.14340000000000006,9.497010000000001,500,N2LO,NN+3N,0.0,6.0
1.3864,0.09,23.913439999999998,-11.53016,-2.32864,0.40495,-0.14614000000000002,10.31345,500,N2LO,NN+3N,0.0,6.0
1.43595,0.1,25.65352,-12.18454,-2.5885599999999998,0.42865,-0.14671000000000006,11.16236,500,N2LO,NN+3N,0.0,6.0
1.48231,0.11,27.33645,-12.7351,-2.85174,0.44766999999999996,-0.14845000000000005,12.04883,500,N2LO,NN+3N,0.0,6.0
1.52593,0.12,28.96906,-13.18542,-3.11646,0.46428,-0.14447000000000002,12.98699,500,N2LO,NN+3N,0.0,6.0
1.5671899999999999,0.13,30.556890000000003,-13.53898,-3.37905,0.47854,-0.1452,13.9722,500,N2LO,NN+3N,0.0,6.0
1.60639,0.14,32.10448,-13.7992,-3.63704,0.49392,-0.14461000000000002,15.017550000000002,500,N2LO,NN+3N,0.0,6.0
1.6437599999999999,0.15,33.61562,-13.96943,-3.8894,0.5057499999999999,-0.13940999999999998,16.12313,500,N2LO,NN+3N,0.0,6.0
1.6795,0.16,35.09352,-14.05299,-4.13373,0.5203300000000001,-0.13849,17.288639999999994,500,N2LO,NN+3N,0.0,6.0
1.7137900000000001,0.17,36.540929999999996,-14.053209999999998,-4.36916,0.5341199999999999,-0.13648999999999994,18.516189999999998,500,N2LO,NN+3N,0.0,6.0
1.74675,0.18,37.96021,-13.973389999999998,-4.593380000000001,0.5530400000000001,-0.13832000000000005,19.80816,500,N2LO,NN+3N,0.0,6.0
1.77852,0.19,39.35344,-13.816820000000002,-4.806380000000001,0.5707399999999999,-0.13455000000000006,21.16643,500,N2LO,NN+3N,0.0,6.0
1.80919,0.2,40.722429999999996,-13.58678,-5.0088,0.5913700000000001,-0.13291000000000006,22.58531,500,N2LO,NN+3N,0.0,6.0
1.83885,0.21,42.06877,-13.28657,-5.20129,0.6121700000000001,-0.13188999999999995,24.06119,500,N2LO,NN+3N,0.0,6.0
0.90459,0.05,10.18061,-11.33365,-6.8444899999999995,-0.11511,-0.14806000000000008,-8.2607,500,N2LO,NN+3N,0.5,4.0
0.9612700000000001,0.06,11.49638,-12.97012,-7.623769999999999,0.06386000000000001,0.02878000000000025,-9.00487,500,N2LO,NN+3N,0.5,4.0
1.01196,0.07,12.74067,-14.441860000000002,-8.360510000000001,0.17447000000000007,0.15653000000000006,-9.730700000000002,500,N2LO,NN+3N,0.5,4.0
1.0580200000000002,0.08,13.926870000000001,-15.754879999999998,-9.07203,0.2196,0.2515999999999998,-10.42884,500,N2LO,NN+3N,0.5,4.0
1.10038,0.09,15.064520000000002,-16.91378,-9.77135,0.20602999999999988,0.31277,-11.10181,500,N2LO,NN+3N,0.5,4.0
1.13972,0.1,16.16071,-17.922259999999994,-10.46579,0.14316000000000012,0.34886000000000017,-11.735319999999994,500,N2LO,NN+3N,0.5,4.0
1.17651,0.11,17.220879999999998,-18.783430000000006,-11.16162,0.04316999999999993,0.36213999999999946,-12.31886,500,N2LO,NN+3N,0.5,4.0
1.2111299999999998,0.12,18.249370000000003,-19.49996,-11.86302,-0.0799399999999999,0.3629899999999995,-12.830560000000002,500,N2LO,NN+3N,0.5,4.0
1.2438799999999999,0.13,19.24964,-20.07424,-12.56986,-0.2270699999999998,0.36958000000000013,-13.25195,500,N2LO,NN+3N,0.5,4.0
1.27499,0.14,20.22456,-20.5084,-13.2869,-0.38131000000000015,0.3489499999999999,-13.6031,500,N2LO,NN+3N,0.5,4.0
1.30465,0.15,21.17651,-20.804450000000006,-14.012530000000002,-0.5280500000000001,0.33064000000000004,-13.837880000000006,500,N2LO,NN+3N,0.5,4.0
1.33302,0.16,22.10753,-20.96423,-14.7464,-0.6757600000000001,0.3248500000000001,-13.954010000000002,500,N2LO,NN+3N,0.5,4.0
1.3602299999999998,0.17,23.01934,-20.989510000000006,-15.48925,-0.7985500000000001,0.29972,-13.958250000000005,500,N2LO,NN+3N,0.5,4.0
1.3864,0.18,23.913439999999998,-20.88201,-16.24098,-0.91189,0.2605799999999996,-13.86086,500,N2LO,NN+3N,0.5,4.0
1.41161,0.19,24.79111,-20.643370000000004,-16.99918,-1.00093,0.23417999999999986,-13.618190000000006,500,N2LO,NN+3N,0.5,4.0
1.43595,0.2,25.65352,-20.27521,-17.76306,-1.0517900000000004,0.19720000000000049,-13.239339999999995,500,N2LO,NN+3N,0.5,4.0
1.4595,0.21,26.50167,-19.77914,-18.53236,-1.0558200000000002,0.19376999999999955,-12.671879999999998,500,N2LO,NN+3N,0.5,4.0
0.90459,0.05,10.18061,-11.32288,-6.8804599999999985,-0.10349000000000008,-0.15328000000000008,-8.279499999999999,500,N2LO,NN+3N,0.5,5.0
0.9612700000000001,0.06,11.49638,-12.95305,-7.6776,0.07459999999999997,0.02681000000000067,-9.032859999999998,500,N2LO,NN+3N,0.5,5.0
1.01196,0.07,12.74067,-14.416890000000002,-8.435599999999999,0.18098000000000009,0.15450000000000008,-9.77634,500,N2LO,NN+3N,0.5,5.0
1.0580200000000002,0.08,13.926870000000001,-15.720329999999999,-9.17203,0.21955,0.2538999999999998,-10.49204,500,N2LO,NN+3N,0.5,5.0
1.10038,0.09,15.064520000000002,-16.86795,-9.89956,0.19885000000000005,0.31000000000000005,-11.194139999999999,500,N2LO,NN+3N,0.5,5.0
1.13972,0.1,16.16071,-17.863429999999994,-10.62555,0.12897999999999993,0.3554900000000001,-11.843799999999995,500,N2LO,NN+3N,0.5,5.0
1.17651,0.11,17.220879999999998,-18.709830000000004,-11.35601,0.019259999999999892,0.3608000000000007,-12.464900000000005,500,N2LO,NN+3N,0.5,5.0
1.2111299999999998,0.12,18.249370000000003,-19.40981,-12.094499999999998,-0.12183999999999988,0.3805000000000001,-12.99628,500,N2LO,NN+3N,0.5,5.0
1.2438799999999999,0.13,19.24964,-19.96574,-12.841389999999999,-0.27861000000000025,0.3663899999999991,-13.469710000000005,500,N2LO,NN+3N,0.5,5.0
1.27499,0.14,20.22456,-20.37974,-13.60031,-0.4413500000000001,0.3489899999999997,-13.84785,500,N2LO,NN+3N,0.5,5.0
1.30465,0.15,21.17651,-20.6538,-14.369760000000001,-0.6047700000000003,0.33823000000000003,-14.11359,500,N2LO,NN+3N,0.5,5.0
1.33302,0.16,22.10753,-20.78976,-15.14929,-0.7672999999999999,0.3243699999999996,-14.27445,500,N2LO,NN+3N,0.5,5.0
1.3602299999999998,0.17,23.01934,-20.789379999999998,-15.93979,-0.89744,0.2998100000000001,-14.30746,500,N2LO,NN+3N,0.5,5.0
1.3864,0.18,23.913439999999998,-20.65438,-16.739279999999997,-1.0133600000000005,0.27136000000000005,-14.222220000000002,500,N2LO,NN+3N,0.5,5.0
1.41161,0.19,24.79111,-20.38639,-17.548199999999998,-1.10352,0.24569,-14.00131,500,N2LO,NN+3N,0.5,5.0
1.43595,0.2,25.65352,-19.98704,-18.363,-1.1723000000000003,0.20449000000000028,-13.66433,500,N2LO,NN+3N,0.5,5.0
1.4595,0.21,26.50167,-19.45793,-19.18402,-1.19225,0.16948000000000008,-13.163049999999995,500,N2LO,NN+3N,0.5,5.0
0.90459,0.05,10.18061,-11.31167,-6.917540000000002,-0.09232999999999993,-0.13910999999999962,-8.28004,500,N2LO,NN+3N,0.5,6.0
0.9612700000000001,0.06,11.49638,-12.93535,-7.73307,0.08431000000000002,0.022980000000000445,-9.064749999999998,500,N2LO,NN+3N,0.5,6.0
1.01196,0.07,12.74067,-14.391050000000002,-8.513269999999999,0.18621000000000004,0.15463999999999967,-9.8228,500,N2LO,NN+3N,0.5,6.0
1.0580200000000002,0.08,13.926870000000001,-15.68466,-9.2758,0.22114,0.2501599999999993,-10.562290000000004,500,N2LO,NN+3N,0.5,6.0
1.10038,0.09,15.064520000000002,-16.820710000000002,-10.033029999999998,0.19154999999999994,0.29935,-11.298319999999995,500,N2LO,NN+3N,0.5,6.0
1.13972,0.1,16.16071,-17.802839999999996,-10.791989999999998,0.1130500000000002,0.3531200000000001,-11.967949999999993,500,N2LO,NN+3N,0.5,6.0
1.17651,0.11,17.220879999999998,-18.634100000000004,-11.558129999999998,-0.007619999999999905,0.36239999999999983,-12.61657,500,N2LO,NN+3N,0.5,6.0
1.2111299999999998,0.12,18.249370000000003,-19.31714,-12.335259999999998,-0.1589699999999999,0.3764199999999995,-13.185580000000002,500,N2LO,NN+3N,0.5,6.0
1.2438799999999999,0.13,19.24964,-19.85428,-13.12438,-0.33064000000000004,0.3687499999999999,-13.69091,500,N2LO,NN+3N,0.5,6.0
1.27499,0.14,20.22456,-20.24764,-13.927179999999998,-0.5065600000000001,0.3558600000000003,-14.100959999999995,500,N2LO,NN+3N,0.5,6.0
1.30465,0.15,21.17651,-20.49921,-14.74275,-0.6787799999999997,0.3326900000000004,-14.41154,500,N2LO,NN+3N,0.5,6.0
1.33302,0.16,22.10753,-20.61081,-15.570479999999998,-0.8539299999999999,0.31039000000000017,-14.6173,500,N2LO,NN+3N,0.5,6.0
1.3602299999999998,0.17,23.01934,-20.584200000000006,-16.41062,-0.99405,0.2944599999999997,-14.675070000000005,500,N2LO,NN+3N,0.5,6.0
1.3864,0.18,23.913439999999998,-20.42108,-17.26153,-1.13754,0.2726599999999997,-14.634049999999998,500,N2LO,NN+3N,0.5,6.0
1.41161,0.19,24.79111,-20.1231,-18.12237,-1.2305000000000004,0.2287099999999997,-14.45615,500,N2LO,NN+3N,0.5,6.0
1.43595,0.2,25.65352,-19.69188,-18.9917,-1.31224,0.20412000000000008,-14.138179999999998,500,N2LO,NN+3N,0.5,6.0
1.4595,0.21,26.50167,-19.12903,-19.86706,-1.3069999999999995,0.18004999999999982,-13.621370000000002,500,N2LO,NN+3N,0.5,6.0
1.13972,0.05,16.16071,-8.26503,-1.40487,0.10255000000000003,-0.04575,6.547610000000002,450,N3LO,NN-only,0.0,
1.2111299999999998,0.06,18.249370000000003,-9.64903,-1.55985,0.12818,-0.044130000000000016,7.12454,450,N3LO,NN-only,0.0,
1.27499,0.07,20.22456,-10.97942,-1.70482,0.14587999999999998,-0.04089000000000001,7.645310000000001,450,N3LO,NN-only,0.0,
1.33302,0.08,22.10753,-12.26248,-1.8402599999999998,0.15875999999999998,-0.03519000000000001,8.128359999999999,450,N3LO,NN-only,0.0,
1.3864,0.09,23.913439999999998,-13.5032,-1.96607,0.166,-0.031109999999999968,8.579060000000002,450,N3LO,NN-only,0.0,
1.43595,0.1,25.65352,-14.705639999999999,-2.0828,0.16958,-0.02405999999999997,9.010599999999998,450,N3LO,NN-only,0.0,
1.48231,0.11,27.33645,-15.873120000000002,-2.19104,0.17059999999999995,-0.018610000000000012,9.424279999999998,450,N3LO,NN-only,0.0,
1.52593,0.12,28.96906,-17.00839,-2.29145,0.16882999999999998,-0.017110000000000014,9.820939999999998,450,N3LO,NN-only,0.0,
1.5671899999999999,0.13,30.556890000000003,-18.11373,-2.38422,0.16592,-0.014629999999999975,10.210230000000001,450,N3LO,NN-only,0.0,
1.60639,0.14,32.10448,-19.19106,-2.47112,0.16055,-0.01170999999999997,10.591140000000003,450,N3LO,NN-only,0.0,
1.6437599999999999,0.15,33.61562,-20.241979999999998,-2.55227,0.15515,-0.008740000000000027,10.96778,450,N3LO,NN-only,0.0,
1.6795,0.16,35.09352,-21.26786,-2.6288,0.14882,-0.007770000000000027,11.33791,450,N3LO,NN-only,0.0,
1.7137900000000001,0.17,36.540929999999996,-22.26989,-2.70173,0.14262,-0.01163,11.700300000000004,450,N3LO,NN-only,0.0,
1.74675,0.18,37.96021,-23.24911,-2.77189,0.13662000000000002,-0.01068000000000005,12.065149999999996,450,N3LO,NN-only,0.0,
1.77852,0.19,39.35344,-24.20644,-2.84004,0.1297,-0.009809999999999984,12.426849999999998,450,N3LO,NN-only,0.0,
1.80919,0.2,40.722429999999996,-25.14272,-2.90728,0.12502,-0.011150000000000049,12.7863,450,N3LO,NN-only,0.0,
1.83885,0.21,42.06877,-26.05875,-2.97405,0.12009,-0.019119999999999943,13.13694,450,N3LO,NN-only,0.0,
0.904594,0.05,10.1806,-12.2751,-6.18446,-0.7758700000000001,0.027909999999999883,-9.02692,450,N3LO,NN-only,0.5,
0.9612700000000001,0.06,11.49638,-14.37093,-6.70107,-0.6189100000000001,0.23631,-9.95822,450,N3LO,NN-only,0.5,
1.01196,0.07,12.7407,-16.3998,-7.1238399999999995,-0.47642,0.3885100000000001,-10.87085,450,N3LO,NN-only,0.5,
1.0580200000000002,0.08,13.926870000000001,-18.369510000000002,-7.4717,-0.3504600000000001,0.4967899999999998,-11.76801,450,N3LO,NN-only,0.5,
1.10038,0.09,15.0645,-20.285999999999998,-7.760269999999999,-0.2394000000000001,0.5853199999999998,-12.63585,450,N3LO,NN-only,0.5,
1.13972,0.1,16.16071,-22.154220000000002,-8.00077,-0.14203,0.6099500000000002,-13.526359999999995,450,N3LO,NN-only,0.5,
1.17651,0.11,17.220879999999998,-23.97813,-8.20359,-0.05796999999999996,0.6590299999999998,-14.35978,450,N3LO,NN-only,0.5,
1.2111299999999998,0.12,18.249370000000003,-25.76116,-8.37389,0.016089999999999938,0.6557200000000003,-15.213870000000002,450,N3LO,NN-only,0.5,
1.2438799999999999,0.13,19.24964,-27.506240000000002,-8.519260000000001,0.07952999999999992,0.6608799999999997,-16.03545,450,N3LO,NN-only,0.5,
1.27499,0.14,20.22456,-29.21589,-8.64488,0.13471999999999995,0.6564199999999998,-16.84507,450,N3LO,NN-only,0.5,
1.30465,0.15,21.17651,-30.89235,-8.75487,0.18365,0.6356299999999999,-17.651429999999998,450,N3LO,NN-only,0.5,
1.33302,0.16,22.10753,-32.5376,-8.85268,0.2272800000000001,0.5991900000000003,-18.45628,450,N3LO,NN-only,0.5,
1.3602299999999998,0.17,23.01934,-34.15339,-8.94155,0.26477,0.5755299999999999,-19.2353,450,N3LO,NN-only,0.5,
1.3864,0.18,23.913439999999998,-35.74131,-9.02388,0.29925,0.5577000000000003,-19.994799999999994,450,N3LO,NN-only,0.5,
1.41161,0.19,24.79111,-37.30276,-9.10391,0.32894,0.5165899999999997,-20.77003,450,N3LO,NN-only,0.5,
1.43595,0.2,25.65352,-38.839040000000004,-9.182360000000001,0.35769,0.4832099999999997,-21.526979999999995,450,N3LO,NN-only,0.5,
1.4595,0.21,26.50167,-40.35131,-9.26169,0.3838,0.4587200000000005,-22.268809999999995,450,N3LO,NN-only,0.5,
1.13972,0.05,16.16071,-7.72054,-1.50039,0.1298,-0.04575,7.023830000000002,450,N3LO,NN+3N,0.0,7.0
1.2111299999999998,0.06,18.249370000000003,-8.82048,-1.73015,0.1601,-0.044130000000000016,7.814709999999999,450,N3LO,NN+3N,0.0,7.0
1.27499,0.07,20.22456,-9.80077,-1.96638,0.18078,-0.04089000000000001,8.597299999999999,450,N3LO,NN+3N,0.0,7.0
1.33302,0.08,22.10753,-10.66633,-2.20558,0.19478,-0.03519000000000001,9.39521,450,N3LO,NN+3N,0.0,7.0
1.3864,0.09,23.913439999999998,-11.421439999999999,-2.44332,0.20254000000000005,-0.031109999999999968,10.220110000000002,450,N3LO,NN+3N,0.0,7.0
1.43595,0.1,25.65352,-12.07002,-2.67625,0.20506999999999997,-0.02405999999999997,11.08826,450,N3LO,NN+3N,0.0,7.0
1.48231,0.11,27.33645,-12.61572,-2.90045,0.20342000000000002,-0.018610000000000012,12.00509,450,N3LO,NN+3N,0.0,7.0
1.52593,0.12,28.96906,-13.062259999999998,-3.11457,0.19395999999999994,-0.017110000000000014,12.96908,450,N3LO,NN+3N,0.0,7.0
1.5671899999999999,0.13,30.556890000000003,-13.413340000000002,-3.31542,0.1921,-0.014629999999999975,14.005599999999998,450,N3LO,NN+3N,0.0,7.0
1.60639,0.14,32.10448,-13.6727,-3.5023,0.17884000000000005,-0.01170999999999997,15.096610000000005,450,N3LO,NN+3N,0.0,7.0
1.6437599999999999,0.15,33.61562,-13.844270000000002,-3.67426,0.16945000000000005,-0.008740000000000027,16.2578,450,N3LO,NN+3N,0.0,7.0
1.6795,0.16,35.09352,-13.93214,-3.8318,0.16003,-0.007770000000000027,17.48184,450,N3LO,NN+3N,0.0,7.0
1.7137900000000001,0.17,36.540929999999996,-13.940479999999999,-3.9756,0.13745000000000002,-0.01163,18.750670000000003,450,N3LO,NN+3N,0.0,7.0
1.74675,0.18,37.96021,-13.8737,-4.10498,0.12766,-0.01068000000000005,20.09851,450,N3LO,NN+3N,0.0,7.0
1.77852,0.19,39.35344,-13.73625,-4.2221400000000004,0.10734000000000003,-0.009809999999999984,21.49258,450,N3LO,NN+3N,0.0,7.0
1.80919,0.2,40.722429999999996,-13.532789999999999,-4.327400000000001,0.09045000000000003,-0.011150000000000049,22.941540000000003,450,N3LO,NN+3N,0.0,7.0
1.83885,0.21,42.06877,-13.26774,-4.42506,0.05538000000000001,-0.019119999999999943,24.412229999999997,450,N3LO,NN+3N,0.0,7.0
1.13972,0.05,16.16071,-7.72054,-1.50039,0.1298,-0.04575,7.023830000000002,450,N3LO,NN+3N,0.0,8.0
1.2111299999999998,0.06,18.249370000000003,-8.82048,-1.73015,0.1601,-0.044130000000000016,7.814709999999999,450,N3LO,NN+3N,0.0,8.0
1.27499,0.07,20.22456,-9.80077,-1.96638,0.18078,-0.04089000000000001,8.597299999999999,450,N3LO,NN+3N,0.0,8.0
1.33302,0.08,22.10753,-10.66633,-2.20558,0.19478,-0.03519000000000001,9.39521,450,N3LO,NN+3N,0.0,8.0
1.3864,0.09,23.913439999999998,-11.421439999999999,-2.44332,0.20254000000000005,-0.031109999999999968,10.220110000000002,450,N3LO,NN+3N,0.0,8.0
1.43595,0.1,25.65352,-12.07002,-2.67625,0.20506999999999997,-0.02405999999999997,11.08826,450,N3LO,NN+3N,0.0,8.0
1.48231,0.11,27.33645,-12.61572,-2.90045,0.20342000000000002,-0.018610000000000012,12.00509,450,N3LO,NN+3N,0.0,8.0
1.52593,0.12,28.96906,-13.062259999999998,-3.11457,0.19395999999999994,-0.017110000000000014,12.96908,450,N3LO,NN+3N,0.0,8.0
1.5671899999999999,0.13,30.556890000000003,-13.413340000000002,-3.31542,0.1921,-0.014629999999999975,14.005599999999998,450,N3LO,NN+3N,0.0,8.0
1.60639,0.14,32.10448,-13.6727,-3.5023,0.17884000000000005,-0.01170999999999997,15.096610000000005,450,N3LO,NN+3N,0.0,8.0
1.6437599999999999,0.15,33.61562,-13.844270000000002,-3.67426,0.16945000000000005,-0.008740000000000027,16.2578,450,N3LO,NN+3N,0.0,8.0
1.6795,0.16,35.09352,-13.93214,-3.8318,0.16003,-0.007770000000000027,17.48184,450,N3LO,NN+3N,0.0,8.0
1.7137900000000001,0.17,36.540929999999996,-13.940479999999999,-3.9756,0.13745000000000002,-0.01163,18.750670000000003,450,N3LO,NN+3N,0.0,8.0
1.74675,0.18,37.96021,-13.8737,-4.10498,0.12766,-0.01068000000000005,20.09851,450,N3LO,NN+3N,0.0,8.0
1.77852,0.19,39.35344,-13.73625,-4.2221400000000004,0.10734000000000003,-0.009809999999999984,21.49258,450,N3LO,NN+3N,0.0,8.0
1.80919,0.2,40.722429999999996,-13.532789999999999,-4.327400000000001,0.09045000000000003,-0.011150000000000049,22.941540000000003,450,N3LO,NN+3N,0.0,8.0
1.83885,0.21,42.06877,-13.26774,-4.42506,0.05538000000000001,-0.019119999999999943,24.412229999999997,450,N3LO,NN+3N,0.0,8.0
1.13972,0.05,16.16071,-7.72054,-1.50039,0.1298,-0.04575,7.023830000000002,450,N3LO,NN+3N,0.0,9.0
1.2111299999999998,0.06,18.249370000000003,-8.82048,-1.73015,0.1601,-0.044130000000000016,7.814709999999999,450,N3LO,NN+3N,0.0,9.0
1.27499,0.07,20.22456,-9.80077,-1.96638,0.18078,-0.04089000000000001,8.597299999999999,450,N3LO,NN+3N,0.0,9.0
1.33302,0.08,22.10753,-10.66633,-2.20558,0.19478,-0.03519000000000001,9.39521,450,N3LO,NN+3N,0.0,9.0
1.3864,0.09,23.913439999999998,-11.421439999999999,-2.44332,0.20254000000000005,-0.031109999999999968,10.220110000000002,450,N3LO,NN+3N,0.0,9.0
1.43595,0.1,25.65352,-12.07002,-2.67625,0.20506999999999997,-0.02405999999999997,11.08826,450,N3LO,NN+3N,0.0,9.0
1.48231,0.11,27.33645,-12.61572,-2.90045,0.20342000000000002,-0.018610000000000012,12.00509,450,N3LO,NN+3N,0.0,9.0
1.52593,0.12,28.96906,-13.062259999999998,-3.11457,0.19395999999999994,-0.017110000000000014,12.96908,450,N3LO,NN+3N,0.0,9.0
1.5671899999999999,0.13,30.556890000000003,-13.413340000000002,-3.31542,0.1921,-0.014629999999999975,14.005599999999998,450,N3LO,NN+3N,0.0,9.0
1.60639,0.14,32.10448,-13.6727,-3.5023,0.17884000000000005,-0.01170999999999997,15.096610000000005,450,N3LO,NN+3N,0.0,9.0
1.6437599999999999,0.15,33.61562,-13.844270000000002,-3.67426,0.16945000000000005,-0.008740000000000027,16.2578,450,N3LO,NN+3N,0.0,9.0
1.6795,0.16,35.09352,-13.93214,-3.8318,0.16003,-0.007770000000000027,17.48184,450,N3LO,NN+3N,0.0,9.0
1.7137900000000001,0.17,36.540929999999996,-13.940479999999999,-3.9756,0.13745000000000002,-0.01163,18.750670000000003,450,N3LO,NN+3N,0.0,9.0
1.74675,0.18,37.96021,-13.8737,-4.10498,0.12766,-0.01068000000000005,20.09851,450,N3LO,NN+3N,0.0,9.0
1.77852,0.19,39.35344,-13.73625,-4.2221400000000004,0.10734000000000003,-0.009809999999999984,21.49258,450,N3LO,NN+3N,0.0,9.0
1.80919,0.2,40.722429999999996,-13.532789999999999,-4.327400000000001,0.09045000000000003,-0.011150000000000049,22.941540000000003,450,N3LO,NN+3N,0.0,9.0
1.83885,0.21,42.06877,-13.26774,-4.42506,0.05538000000000001,-0.019119999999999943,24.412229999999997,450,N3LO,NN+3N,0.0,9.0
0.904594,0.05,10.1806,-11.26598,-6.7720422000000005,-0.57734,0.027909999999999883,-8.4068522,450,N3LO,NN+3N,0.5,7.0
0.9612700000000001,0.06,11.49638,-12.87541,-7.586930000000001,-0.4896600000000001,0.23631,-9.21931,450,N3LO,NN+3N,0.5,7.0
1.01196,0.07,12.7407,-14.3176,-8.359561000000001,-0.46501000000000003,0.3885100000000001,-10.012961,450,N3LO,NN+3N,0.5,7.0
1.0580200000000002,0.08,13.926870000000001,-15.59965,-9.10248,-0.5029200000000001,0.4967899999999998,-10.781389999999998,450,N3LO,NN+3N,0.5,7.0
1.10038,0.09,15.0645,-16.727130000000002,-9.82453,-0.5949300000000001,0.5853199999999998,-11.496770000000005,450,N3LO,NN+3N,0.5,7.0
1.13972,0.1,16.16071,-17.70488,-10.53086,-0.7356799999999999,0.6099500000000002,-12.20076,450,N3LO,NN+3N,0.5,7.0
1.17651,0.11,17.220879999999998,-18.53699,-11.22561,-0.91813,0.6590299999999998,-12.80082,450,N3LO,NN+3N,0.5,7.0
1.2111299999999998,0.12,18.249370000000003,-19.2272,-11.908619999999999,-1.1303800000000002,0.6557200000000003,-13.361110000000002,450,N3LO,NN+3N,0.5,7.0
1.2438799999999999,0.13,19.24964,-19.77891,-12.58285,-1.3674,0.6608799999999997,-13.818639999999998,450,N3LO,NN+3N,0.5,7.0
1.27499,0.14,20.22456,-20.19527,-13.249100000000002,-1.62621,0.6564199999999998,-14.189600000000002,450,N3LO,NN+3N,0.5,7.0
1.30465,0.15,21.17651,-20.4793,-13.90785,-1.89212,0.6356299999999999,-14.46713,450,N3LO,NN+3N,0.5,7.0
1.33302,0.16,22.10753,-20.63388,-14.55915,-2.1699599999999997,0.5991900000000003,-14.656269999999996,450,N3LO,NN+3N,0.5,7.0
1.3602299999999998,0.17,23.01934,-20.661790000000003,-15.202569999999998,-2.44672,0.5755299999999999,-14.71621,450,N3LO,NN+3N,0.5,7.0
1.3864,0.18,23.913439999999998,-20.56579,-15.84019,-2.7159500000000003,0.5577000000000003,-14.650789999999995,450,N3LO,NN+3N,0.5,7.0
1.41161,0.19,24.79111,-20.34856,-16.474239999999998,-2.98851,0.5165899999999997,-14.503610000000002,450,N3LO,NN+3N,0.5,7.0
1.43595,0.2,25.65352,-20.01283,-17.10134,-3.25152,0.4832099999999997,-14.228959999999995,450,N3LO,NN+3N,0.5,7.0
1.4595,0.21,26.50167,-19.56125,-17.72537,-3.5009300000000003,0.4587200000000005,-13.827160000000001,450,N3LO,NN+3N,0.5,7.0
0.904594,0.05,10.1806,-11.260539999999999,-6.8055672000000005,-0.56947,0.027419999999999774,-8.427557200000003,450,N3LO,NN+3N,0.5,8.0
0.961274,0.06,11.4964,-12.86599,-7.6347200000000015,-0.48357,0.23148000000000035,-9.2564,450,N3LO,NN+3N,0.5,8.0
1.01196,0.07,12.7407,-14.303069999999998,-8.423884000000001,-0.4628600000000001,0.3921600000000005,-10.056953999999998,450,N3LO,NN+3N,0.5,8.0
1.0580200000000002,0.08,13.9269,-15.578739999999998,-9.185578999999999,-0.5059400000000001,0.4933199999999995,-10.850039,450,N3LO,NN+3N,0.5,8.0
1.10038,0.09,15.0645,-16.698590000000006,-9.927961999999999,-0.6064700000000001,0.5840700000000001,-11.584452000000002,450,N3LO,NN+3N,0.5,8.0
1.13972,0.1,16.1607,-17.667379999999998,-10.656567,-0.7573500000000002,0.6064399999999999,-12.314157000000005,450,N3LO,NN+3N,0.5,8.0
1.17651,0.11,17.2209,-18.489220000000003,-11.374816000000001,-0.95084,0.6508899999999997,-12.943086,450,N3LO,NN+3N,0.5,8.0
1.2111299999999998,0.12,18.2494,-19.16789,-12.082315,-1.1778600000000001,0.6503099999999999,-13.528355,450,N3LO,NN+3N,0.5,8.0
1.2438799999999999,0.13,19.2496,-19.70656,-12.782501,-1.43226,0.6572399999999999,-14.014480999999998,450,N3LO,NN+3N,0.5,8.0
1.27499,0.14,20.2246,-20.10864,-13.475151,-1.7034400000000005,0.6551400000000001,-14.407491000000006,450,N3LO,NN+3N,0.5,8.0
1.30465,0.15,21.1765,-20.3769,-14.161337,-1.9877200000000004,0.6289899999999995,-14.720466999999998,450,N3LO,NN+3N,0.5,8.0
1.33302,0.16,22.1075,-20.5145,-14.83945,-2.27906,0.6075299999999997,-14.917979999999995,450,N3LO,NN+3N,0.5,8.0
1.3602299999999998,0.17,23.0193,-20.5239,-15.51227,-2.5744100000000003,0.5808899999999999,-15.010389999999996,450,N3LO,NN+3N,0.5,8.0
1.3864,0.18,23.9134,-20.408100000000005,-16.177404,-2.86661,0.5664900000000006,-14.972224000000004,450,N3LO,NN+3N,0.5,8.0
1.41161,0.19,24.7911,-20.1697,-16.840529,-3.15076,0.5188999999999997,-14.850988999999998,450,N3LO,NN+3N,0.5,8.0
1.43595,0.2,25.6535,-19.8113,-17.497234,-3.4348300000000003,0.4854299999999996,-14.604433999999998,450,N3LO,NN+3N,0.5,8.0
1.4595,0.21,26.5017,-19.3359,-18.15163,-3.70425,0.4598800000000001,-14.2302,450,N3LO,NN+3N,0.5,8.0
0.904594,0.05,10.1806,-11.2549,-6.8395410000000005,-0.56155,0.02678000000000047,-8.448610999999998,450,N3LO,NN+3N,0.5,9.0
0.961274,0.06,11.4964,-12.85631,-7.683202,-0.47749,0.23218000000000005,-9.288422,450,N3LO,NN+3N,0.5,9.0
1.01196,0.07,12.7407,-14.288160000000001,-8.489486,-0.46051000000000003,0.3878300000000001,-10.109626,450,N3LO,NN+3N,0.5,9.0
1.0580200000000002,0.08,13.9269,-15.55735,-9.270085,-0.5104200000000001,0.49349,-10.917465,450,N3LO,NN+3N,0.5,9.0
1.10038,0.09,15.0645,-16.669420000000002,-10.033760000000001,-0.6197699999999999,0.5821399999999999,-11.67631,450,N3LO,NN+3N,0.5,9.0
1.13972,0.1,16.1607,-17.62912,-10.785272,-0.7810300000000001,0.6163600000000002,-12.418362,450,N3LO,NN+3N,0.5,9.0
1.17651,0.11,17.2209,-18.440530000000006,-11.52792,-0.98619,0.6533200000000001,-13.080420000000002,450,N3LO,NN+3N,0.5,9.0
1.2111299999999998,0.12,18.2494,-19.10742,-12.261114999999998,-1.2260800000000005,0.6600899999999996,-13.685124999999996,450,N3LO,NN+3N,0.5,9.0
1.2438799999999999,0.13,19.2496,-19.632929999999998,-12.987316,-1.4952199999999998,0.6516299999999995,-14.214236,450,N3LO,NN+3N,0.5,9.0
1.27499,0.14,20.2246,-20.02048,-13.706878,-1.78452,0.6532500000000001,-14.634028,450,N3LO,NN+3N,0.5,9.0
1.30465,0.15,21.1765,-20.2728,-14.421621,-2.0860800000000004,0.6379999999999999,-14.966000999999995,450,N3LO,NN+3N,0.5,9.0
1.33302,0.16,22.1075,-20.3931,-15.128817000000002,-2.39831,0.6027099999999996,-15.210016999999995,450,N3LO,NN+3N,0.5,9.0
1.3602299999999998,0.17,23.0193,-20.3838,-15.830201999999998,-2.7126399999999995,0.5844500000000001,-15.322891999999996,450,N3LO,NN+3N,0.5,9.0
1.3864,0.18,23.9134,-20.2479,-16.525835999999998,-3.0291200000000003,0.57393,-15.315526000000006,450,N3LO,NN+3N,0.5,9.0
1.41161,0.19,24.79111,-19.98799,-17.21801,-3.3366800000000003,0.5200900000000002,-15.23148,450,N3LO,NN+3N,0.5,9.0
1.43595,0.2,25.6535,-19.6068,-17.905838,-3.62509,0.4856799999999999,-14.998547999999998,450,N3LO,NN+3N,0.5,9.0
1.4595,0.21,26.5017,-19.107100000000006,-18.588915,-3.92725,0.4712399999999994,-14.650325000000004,450,N3LO,NN+3N,0.5,9.0
1.13972,0.05,16.16071,-7.487080000000001,-2.23275,0.22391,-0.06983999999999999,6.5949500000000025,500,N3LO,NN-only,0.0,
1.2111299999999998,0.06,18.249370000000003,-8.693710000000001,-2.5777799999999997,0.28423000000000004,-0.06309999999999999,7.199009999999999,500,N3LO,NN-only,0.0,
1.27499,0.07,20.22456,-9.83991,-2.91131,0.33198,-0.05448000000000003,7.750839999999999,500,N3LO,NN-only,0.0,
1.33302,0.08,22.10753,-10.93239,-3.2319299999999997,0.36801,-0.04136000000000006,8.269860000000001,500,N3LO,NN-only,0.0,
1.3864,0.09,23.913439999999998,-11.97668,-3.54,0.39274000000000003,-0.025519999999999987,8.76398,500,N3LO,NN-only,0.0,
1.43595,0.1,25.65352,-12.97743,-3.83435,0.40708,-0.010399999999999965,9.23842,500,N3LO,NN-only,0.0,
1.48231,0.11,27.33645,-13.9386,-4.11597,0.41366,0.002869999999999984,9.69841,500,N3LO,NN-only,0.0,
1.52593,0.12,28.96906,-14.86359,-4.38554,0.41322,0.016030000000000044,10.14918,500,N3LO,NN-only,0.0,
1.5671899999999999,0.13,30.556890000000003,-15.755339999999999,-4.643619999999999,0.40634000000000003,0.032530000000000066,10.596799999999998,500,N3LO,NN-only,0.0,
1.60639,0.14,32.10448,-16.61639,-4.89,0.39373,0.04135999999999995,11.033180000000002,500,N3LO,NN-only,0.0,
1.6437599999999999,0.15,33.61562,-17.44895,-5.12783,0.37797,0.05141000000000007,11.46822,500,N3LO,NN-only,0.0,
1.6795,0.16,35.09352,-18.254939999999998,-5.3586,0.35921,0.06001999999999996,11.899209999999995,500,N3LO,NN-only,0.0,
1.7137900000000001,0.17,36.540929999999996,-19.03606,-5.58296,0.33868000000000004,0.06833999999999996,12.328930000000005,500,N3LO,NN-only,0.0,
1.74675,0.18,37.96021,-19.793779999999998,-5.80189,0.31547000000000003,0.06927999999999979,12.749289999999993,500,N3LO,NN-only,0.0,
1.77852,0.19,39.35344,-20.529420000000002,-6.01625,0.29201000000000005,0.07325000000000004,13.173029999999999,500,N3LO,NN-only,0.0,
1.80919,0.2,40.722429999999996,-21.24413,-6.230180000000001,0.26834,0.07238999999999984,13.588850000000004,500,N3LO,NN-only,0.0,
1.83885,0.21,42.06877,-21.93896,-6.44299,0.2447000000000001,0.08029000000000007,14.01181,500,N3LO,NN-only,0.0,
0.904594,0.05,10.1806,-12.1384,-6.38716,-0.78747,-0.05362000000000001,-9.186050000000002,500,N3LO,NN-only,0.5,
0.961274,0.06,11.4964,-14.1684,-6.993180000000001,-0.6543399999999999,0.11648999999999975,-10.203029999999998,500,N3LO,NN-only,0.5,
1.01196,0.07,12.7407,-16.1212,-7.51956,-0.5407599999999999,0.2584900000000001,-11.182330000000002,500,N3LO,NN-only,0.5,
1.0580200000000002,0.08,13.9269,-18.0051,-7.984360000000001,-0.4470500000000001,0.3690899999999999,-12.14052,500,N3LO,NN-only,0.5,
1.10038,0.09,15.0645,-19.8266,-8.40054,-0.37049,0.4386799999999997,-13.094449999999998,500,N3LO,NN-only,0.5,
1.13972,0.1,16.1607,-21.5912,-8.77869,-0.31033999999999995,0.5133700000000001,-14.00616,500,N3LO,NN-only,0.5,
1.17651,0.11,17.2209,-23.3032,-9.12602,-0.26219000000000003,0.5544700000000002,-14.916039999999999,500,N3LO,NN-only,0.5,
1.2111299999999998,0.12,18.2494,-24.9664,-9.44781,-0.22555999999999995,0.5922799999999997,-15.798090000000002,500,N3LO,NN-only,0.5,
1.2438799999999999,0.13,19.2496,-26.5842,-9.750539999999999,-0.1987,0.6107300000000002,-16.673109999999998,500,N3LO,NN-only,0.5,
1.27499,0.14,20.2246,-28.1595,-10.0365,-0.1789,0.6391800000000001,-17.511120000000002,500,N3LO,NN-only,0.5,
1.30465,0.15,21.1765,-29.6948,-10.3105,-0.16634000000000002,0.6612699999999996,-18.333870000000005,500,N3LO,NN-only,0.5,
1.33302,0.16,22.1075,-31.1926,-10.5743,-0.15811999999999998,0.6549399999999999,-19.16258,500,N3LO,NN-only,0.5,
1.3602299999999998,0.17,23.0193,-32.6548,-10.8309,-0.15498000000000006,0.6527699999999999,-19.96861,500,N3LO,NN-only,0.5,
1.3864,0.18,23.9134,-34.0833,-11.0826,-0.15435000000000004,0.6805700000000008,-20.726280000000006,500,N3LO,NN-only,0.5,
1.41161,0.19,24.7911,-35.48,-11.3318,-0.15761999999999998,0.6679999999999997,-21.51032,500,N3LO,NN-only,0.5,
1.43595,0.2,25.6535,-36.8463,-11.5797,-0.16259,0.6809800000000008,-22.25411,500,N3LO,NN-only,0.5,
1.4595,0.21,26.5017,-38.1839,-11.8281,-0.16910999999999998,0.6618999999999997,-23.01751,500,N3LO,NN-only,0.5,
1.13972,0.05,16.16071,-6.98725,-2.4604099999999995,0.31406999999999996,-0.06983999999999999,6.957280000000003,500,N3LO,NN+3N,0.0,10.0
1.2111299999999998,0.06,18.249370000000003,-7.9357799999999985,-2.94594,0.4085,-0.06309999999999999,7.713049999999999,500,N3LO,NN+3N,0.0,10.0
1.27499,0.07,20.22456,-8.764660000000001,-3.4504300000000003,0.4933300000000001,-0.05448000000000003,8.448319999999999,500,N3LO,NN+3N,0.0,10.0
1.33302,0.08,22.10753,-9.47918,-3.96832,0.5671299999999999,-0.04136000000000006,9.1858,500,N3LO,NN+3N,0.0,10.0
1.3864,0.09,23.913439999999998,-10.083860000000001,-4.4951,0.6309699999999999,-0.025519999999999987,9.939930000000002,500,N3LO,NN+3N,0.0,10.0
1.43595,0.1,25.65352,-10.58265,-5.02465,0.68305,-0.010399999999999965,10.71887,500,N3LO,NN+3N,0.0,10.0
1.48231,0.11,27.33645,-10.97907,-5.5531500000000005,0.72485,0.002869999999999984,11.531949999999998,500,N3LO,NN+3N,0.0,10.0
1.52593,0.12,28.96906,-11.27647,-6.07645,0.75962,0.016030000000000044,12.39179,500,N3LO,NN+3N,0.0,10.0
1.5671899999999999,0.13,30.556890000000003,-11.47783,-6.590820000000001,0.7831,0.032530000000000066,13.303869999999998,500,N3LO,NN+3N,0.0,10.0
1.60639,0.14,32.10448,-11.58618,-7.09245,0.80107,0.04135999999999995,14.268280000000004,500,N3LO,NN+3N,0.0,10.0
1.6437599999999999,0.15,33.61562,-11.604280000000001,-7.58155,0.81017,0.05141000000000007,15.29137,500,N3LO,NN+3N,0.0,10.0
1.6795,0.16,35.09352,-11.53488,-8.05589,0.8154399999999999,0.06001999999999996,16.378209999999996,500,N3LO,NN+3N,0.0,10.0
1.7137900000000001,0.17,36.540929999999996,-11.38089,-8.51338,0.8157300000000001,0.06833999999999996,17.530730000000005,500,N3LO,NN+3N,0.0,10.0
1.74675,0.18,37.96021,-11.14506,-8.95467,0.8147399999999999,0.06927999999999979,18.744499999999995,500,N3LO,NN+3N,0.0,10.0
1.77852,0.19,39.35344,-10.83018,-9.37748,0.7919100000000001,0.07325000000000004,20.010939999999998,500,N3LO,NN+3N,0.0,10.0
1.80919,0.2,40.722429999999996,-10.43908,-9.78613,0.8018999999999998,0.07238999999999984,21.371510000000004,500,N3LO,NN+3N,0.0,10.0
1.83885,0.21,42.06877,-9.974620000000002,-10.17792,0.7860400000000001,0.08029000000000007,22.78256,500,N3LO,NN+3N,0.0,10.0
1.13972,0.05,16.16071,-6.98725,-2.4604099999999995,0.31406999999999996,-0.06983999999999999,6.957280000000003,500,N3LO,NN+3N,0.0,11.0
1.2111299999999998,0.06,18.249370000000003,-7.9357799999999985,-2.94594,0.4085,-0.06309999999999999,7.713049999999999,500,N3LO,NN+3N,0.0,11.0
1.27499,0.07,20.22456,-8.764660000000001,-3.4504300000000003,0.4933300000000001,-0.05448000000000003,8.448319999999999,500,N3LO,NN+3N,0.0,11.0
1.33302,0.08,22.10753,-9.47918,-3.96832,0.5671299999999999,-0.04136000000000006,9.1858,500,N3LO,NN+3N,0.0,11.0
1.3864,0.09,23.913439999999998,-10.083860000000001,-4.4951,0.6309699999999999,-0.025519999999999987,9.939930000000002,500,N3LO,NN+3N,0.0,11.0
1.43595,0.1,25.65352,-10.58265,-5.02465,0.68305,-0.010399999999999965,10.71887,500,N3LO,NN+3N,0.0,11.0
1.48231,0.11,27.33645,-10.97907,-5.5531500000000005,0.72485,0.002869999999999984,11.531949999999998,500,N3LO,NN+3N,0.0,11.0
1.52593,0.12,28.96906,-11.27647,-6.07645,0.75962,0.016030000000000044,12.39179,500,N3LO,NN+3N,0.0,11.0
1.5671899999999999,0.13,30.556890000000003,-11.47783,-6.590820000000001,0.7831,0.032530000000000066,13.303869999999998,500,N3LO,NN+3N,0.0,11.0
1.60639,0.14,32.10448,-11.58618,-7.09245,0.80107,0.04135999999999995,14.268280000000004,500,N3LO,NN+3N,0.0,11.0
1.6437599999999999,0.15,33.61562,-11.604280000000001,-7.58155,0.81017,0.05141000000000007,15.29137,500,N3LO,NN+3N,0.0,11.0
1.6795,0.16,35.09352,-11.53488,-8.05589,0.8154399999999999,0.06001999999999996,16.378209999999996,500,N3LO,NN+3N,0.0,11.0
1.7137900000000001,0.17,36.540929999999996,-11.38089,-8.51338,0.8157300000000001,0.06833999999999996,17.530730000000005,500,N3LO,NN+3N,0.0,11.0
1.74675,0.18,37.96021,-11.14506,-8.95467,0.8147399999999999,0.06927999999999979,18.744499999999995,500,N3LO,NN+3N,0.0,11.0
1.77852,0.19,39.35344,-10.83018,-9.37748,0.7919100000000001,0.07325000000000004,20.010939999999998,500,N3LO,NN+3N,0.0,11.0
1.80919,0.2,40.722429999999996,-10.43908,-9.78613,0.8018999999999998,0.07238999999999984,21.371510000000004,500,N3LO,NN+3N,0.0,11.0
1.83885,0.21,42.06877,-9.974620000000002,-10.17792,0.7860400000000001,0.08029000000000007,22.78256,500,N3LO,NN+3N,0.0,11.0
1.13972,0.05,16.16071,-6.98725,-2.4604099999999995,0.31406999999999996,-0.06983999999999999,6.957280000000003,500,N3LO,NN+3N,0.0,12.0
1.2111299999999998,0.06,18.249370000000003,-7.9357799999999985,-2.94594,0.4085,-0.06309999999999999,7.713049999999999,500,N3LO,NN+3N,0.0,12.0
1.27499,0.07,20.22456,-8.764660000000001,-3.4504300000000003,0.4933300000000001,-0.05448000000000003,8.448319999999999,500,N3LO,NN+3N,0.0,12.0
1.33302,0.08,22.10753,-9.47918,-3.96832,0.5671299999999999,-0.04136000000000006,9.1858,500,N3LO,NN+3N,0.0,12.0
1.3864,0.09,23.913439999999998,-10.083860000000001,-4.4951,0.6309699999999999,-0.025519999999999987,9.939930000000002,500,N3LO,NN+3N,0.0,12.0
1.43595,0.1,25.65352,-10.58265,-5.02465,0.68305,-0.010399999999999965,10.71887,500,N3LO,NN+3N,0.0,12.0
1.48231,0.11,27.33645,-10.97907,-5.5531500000000005,0.72485,0.002869999999999984,11.531949999999998,500,N3LO,NN+3N,0.0,12.0
1.52593,0.12,28.96906,-11.27647,-6.07645,0.75962,0.016030000000000044,12.39179,500,N3LO,NN+3N,0.0,12.0
1.5671899999999999,0.13,30.556890000000003,-11.47783,-6.590820000000001,0.7831,0.032530000000000066,13.303869999999998,500,N3LO,NN+3N,0.0,12.0
1.60639,0.14,32.10448,-11.58618,-7.09245,0.80107,0.04135999999999995,14.268280000000004,500,N3LO,NN+3N,0.0,12.0
1.6437599999999999,0.15,33.61562,-11.604280000000001,-7.58155,0.81017,0.05141000000000007,15.29137,500,N3LO,NN+3N,0.0,12.0
1.6795,0.16,35.09352,-11.53488,-8.05589,0.8154399999999999,0.06001999999999996,16.378209999999996,500,N3LO,NN+3N,0.0,12.0
1.7137900000000001,0.17,36.540929999999996,-11.38089,-8.51338,0.8157300000000001,0.06833999999999996,17.530730000000005,500,N3LO,NN+3N,0.0,12.0
1.74675,0.18,37.96021,-11.14506,-8.95467,0.8147399999999999,0.06927999999999979,18.744499999999995,500,N3LO,NN+3N,0.0,12.0
1.77852,0.19,39.35344,-10.83018,-9.37748,0.7919100000000001,0.07325000000000004,20.010939999999998,500,N3LO,NN+3N,0.0,12.0
1.80919,0.2,40.722429999999996,-10.43908,-9.78613,0.8018999999999998,0.07238999999999984,21.371510000000004,500,N3LO,NN+3N,0.0,12.0
1.83885,0.21,42.06877,-9.974620000000002,-10.17792,0.7860400000000001,0.08029000000000007,22.78256,500,N3LO,NN+3N,0.0,12.0
0.904594,0.05,10.1806,-11.127189999999999,-6.817745,-0.55057,-0.05362000000000001,-8.368525,500,N3LO,NN+3N,0.5,10.0
0.961274,0.06,11.4964,-12.69545,-7.671273999999999,-0.4428900000000001,0.11648999999999975,-9.196724,500,N3LO,NN+3N,0.5,10.0
1.01196,0.07,12.7407,-14.099190000000002,-8.491458999999999,-0.3818199999999999,0.2584900000000001,-9.973279000000002,500,N3LO,NN+3N,0.5,10.0
1.0580200000000002,0.08,13.9269,-15.34711,-9.290987,-0.3629600000000001,0.3690899999999999,-10.705067,500,N3LO,NN+3N,0.5,10.0
1.10038,0.09,15.0645,-16.44625,-10.077641,-0.37955,0.4386799999999997,-11.400261,500,N3LO,NN+3N,0.5,10.0
1.13972,0.1,16.1607,-17.40276,-10.856714,-0.42723,0.5133700000000001,-12.012634000000002,500,N3LO,NN+3N,0.5,10.0
1.17651,0.11,17.2209,-18.22162,-11.631862,-0.49528999999999995,0.5544700000000002,-12.573402000000002,500,N3LO,NN+3N,0.5,10.0
1.2111299999999998,0.12,18.2494,-18.90742,-12.403589,-0.5812899999999999,0.5922799999999997,-13.050619,500,N3LO,NN+3N,0.5,10.0
1.2438799999999999,0.13,19.2496,-19.46435,-13.174742000000002,-0.6777799999999999,0.6107300000000002,-13.456542,500,N3LO,NN+3N,0.5,10.0
1.27499,0.14,20.2246,-19.89615,-13.944147000000001,-0.7796099999999999,0.6391800000000001,-13.756127,500,N3LO,NN+3N,0.5,10.0
1.30465,0.15,21.1765,-20.20622,-14.715251,-0.8824400000000001,0.6612699999999996,-13.966141,500,N3LO,NN+3N,0.5,10.0
1.33302,0.16,22.1075,-20.3979,-15.487123,-0.98118,0.6549399999999999,-14.103763,500,N3LO,NN+3N,0.5,10.0
1.3602299999999998,0.17,23.0193,-20.474200000000003,-16.260525,-1.0764799999999999,0.6527699999999999,-14.139135000000005,500,N3LO,NN+3N,0.5,10.0
1.3864,0.18,23.9134,-20.437800000000006,-17.035083,-1.1606800000000002,0.6805700000000008,-14.039593000000002,500,N3LO,NN+3N,0.5,10.0
1.41161,0.19,24.7911,-20.2917,-17.813139999999994,-1.22989,0.6679999999999997,-13.875629999999996,500,N3LO,NN+3N,0.5,10.0
1.43595,0.2,25.6535,-20.0383,-18.59341,-1.2929700000000002,0.6809800000000008,-13.5902,500,N3LO,NN+3N,0.5,10.0
1.4595,0.21,26.5017,-19.6804,-19.37873,-1.33833,0.6618999999999997,-13.23386,500,N3LO,NN+3N,0.5,10.0
0.904594,0.05,10.1806,-11.1206,-6.855924999999999,-0.54262,-0.055740000000000116,-8.394285,500,N3LO,NN+3N,0.5,11.0
0.961274,0.06,11.4964,-12.68441,-7.725557999999999,-0.43531000000000003,0.1223099999999997,-9.226567999999999,500,N3LO,NN+3N,0.5,11.0
1.01196,0.07,12.7407,-14.08241,-8.5646,-0.37571,0.25554999999999994,-10.026470000000002,500,N3LO,NN+3N,0.5,11.0
1.0580200000000002,0.08,13.9269,-15.323260000000001,-9.385533,-0.35986,0.3619300000000005,-10.779822999999995,500,N3LO,NN+3N,0.5,11.0
1.10038,0.09,15.0645,-16.413970000000003,-10.195504,-0.3812200000000001,0.4376500000000001,-11.488544000000001,500,N3LO,NN+3N,0.5,11.0
1.13972,0.1,16.1607,-17.36064,-11.000533,-0.4348400000000001,0.5144400000000005,-12.120873,500,N3LO,NN+3N,0.5,11.0
1.17651,0.11,17.2209,-18.16824,-11.802023999999998,-0.51164,0.5518099999999997,-12.709193999999998,500,N3LO,NN+3N,0.5,11.0
1.2111299999999998,0.12,18.2494,-18.84132,-12.602447,-0.60629,0.5825599999999995,-13.218096999999998,500,N3LO,NN+3N,0.5,11.0
1.2438799999999999,0.13,19.2496,-19.38407,-13.404511,-0.7134100000000001,0.6109199999999997,-13.641471,500,N3LO,NN+3N,0.5,11.0
1.27499,0.14,20.2246,-19.80021,-14.205034,-0.8238599999999999,0.6440999999999999,-13.960404,500,N3LO,NN+3N,0.5,11.0
1.30465,0.15,21.1765,-20.093110000000006,-15.009657999999998,-0.9395600000000001,0.6534700000000009,-14.212358000000002,500,N3LO,NN+3N,0.5,11.0
1.33302,0.16,22.1075,-20.2662,-15.813833,-1.0498500000000002,0.6540099999999995,-14.368372999999995,500,N3LO,NN+3N,0.5,11.0
1.3602299999999998,0.17,23.0193,-20.3222,-16.620908,-1.1567399999999999,0.6572699999999996,-14.423278,500,N3LO,NN+3N,0.5,11.0
1.3864,0.18,23.9134,-20.2641,-17.430270999999998,-1.2489400000000002,0.6697400000000009,-14.360171,500,N3LO,NN+3N,0.5,11.0
1.41161,0.19,24.79111,-20.09477,-18.24409,-1.3357899999999998,0.6684100000000006,-14.215129999999995,500,N3LO,NN+3N,0.5,11.0
1.43595,0.2,25.6535,-19.8166,-19.06026,-1.40189,0.6487999999999996,-13.97645,500,N3LO,NN+3N,0.5,11.0
1.4595,0.21,26.50167,-19.432440000000003,-19.88217,-1.4551599999999998,0.6635800000000001,-13.604520000000004,500,N3LO,NN+3N,0.5,11.0
0.904594,0.05,10.1806,-11.11359,-6.894907000000001,-0.5345099999999999,-0.05494999999999983,-8.417357,500,N3LO,NN+3N,0.5,12.0
0.961274,0.06,11.4964,-12.67275,-7.78147,-0.4273600000000001,0.1142000000000003,-9.270980000000002,500,N3LO,NN+3N,0.5,12.0
1.01196,0.07,12.7407,-14.064790000000002,-8.640092999999998,-0.36946,0.2493100000000004,-10.084333,500,N3LO,NN+3N,0.5,12.0
1.0580200000000002,0.08,13.9269,-15.298329999999998,-9.483206,-0.3574399999999999,0.3677199999999998,-10.844356,500,N3LO,NN+3N,0.5,12.0
1.10038,0.09,15.0645,-16.380319999999998,-10.317796,-0.3840600000000001,0.44088,-11.576795999999998,500,N3LO,NN+3N,0.5,12.0
1.13972,0.1,16.1607,-17.31683,-11.149052000000001,-0.44436000000000003,0.51207,-12.237472,500,N3LO,NN+3N,0.5,12.0
1.17651,0.11,17.2209,-18.11281,-11.979539,-0.5286299999999999,0.5512600000000001,-12.848819,500,N3LO,NN+3N,0.5,12.0
1.2111299999999998,0.12,18.2494,-18.7728,-12.810112,-0.6320600000000001,0.5951500000000003,-13.370421999999998,500,N3LO,NN+3N,0.5,12.0
1.2438799999999999,0.13,19.2496,-19.30094,-13.643603,-0.7483599999999999,0.6134299999999997,-13.829872999999996,500,N3LO,NN+3N,0.5,12.0
1.27499,0.14,20.2246,-19.70095,-14.477213,-0.8733399999999998,0.6440600000000005,-14.182842999999998,500,N3LO,NN+3N,0.5,12.0
1.30465,0.15,21.1765,-19.9762,-15.315496,-0.99779,0.6485699999999999,-14.464416,500,N3LO,NN+3N,0.5,12.0
1.33302,0.16,22.1075,-20.1301,-16.155416000000002,-1.1211600000000002,0.6579199999999998,-14.641255999999998,500,N3LO,NN+3N,0.5,12.0
1.3602299999999998,0.17,23.0193,-20.1654,-16.998775,-1.2396200000000002,0.6539900000000003,-14.730505,500,N3LO,NN+3N,0.5,12.0
1.3864,0.18,23.9134,-20.085,-17.844255,-1.34735,0.6604299999999994,-14.702775000000004,500,N3LO,NN+3N,0.5,12.0
1.41161,0.19,24.7911,-19.8918,-18.695482000000002,-1.4457299999999995,0.6668299999999996,-14.575081999999995,500,N3LO,NN+3N,0.5,12.0
1.43595,0.2,25.6535,-19.5883,-19.54771,-1.5255100000000001,0.67238,-14.33564,500,N3LO,NN+3N,0.5,12.0
1.4595,0.21,26.5017,-19.177100000000006,-20.40795,-1.5915099999999995,0.6758100000000007,-13.999050000000002,500,N3LO,NN+3N,0.5,12.0
