kf,MBPT_HF,MBPT_2,MBPT_3,MBPT_4,Lambda,OrderEFT,Body,x,fit
0.9045939307779784,0.05,-7.447575638542119,-0.12030765714901515,-0.004311870253184942,450,LO,NN+3N,0.5,
0.9612744921718004,0.06000000000000001,-7.91298867881842,-0.16197436246703706,-0.0046425687186887644,450,LO,NN+3N,0.5,
1.0119592274352691,0.07,-8.348165375505232,-0.2061971525353801,-0.0048745740187753845,450,LO,NN+3N,0.5,
1.0580194797898042,0.08,-8.75539521036494,-0.25218754299995194,-0.005034449855171542,450,LO,NN+3N,0.5,
1.1003846021922812,0.09,-9.13702981625325,-0.2993825462417705,-0.0051440921673968154,450,LO,NN+3N,0.5,
1.1397169349943206,0.1,-9.495355420374171,-0.3474041493247504,-0.005221470501590161,450,LO,NN+3N,0.5,
1.1765071292435143,0.11,-9.83253604183825,-0.3960252527023516,-0.005281222818104879,450,LO,NN+3N,0.5,
1.2111299674142555,0.12,-10.150590119680109,-0.4451407470990107,-0.0053351314238079435,450,LO,NN+3N,0.5,
1.2438789515570186,0.13,-10.451383604489227,-0.4947426911255473,-0.005392506572703578,450,LO,NN+3N,0.5,
1.2749887322810487,0.14,-10.736631286284467,-0.5448987925889774,-0.005460498848442218,450,LO,NN+3N,0.5,
1.3046502079672289,0.15000000000000002,-11.007902179829752,-0.5957335810211921,-0.005544356309744707,450,LO,NN+3N,0.5,
1.3330210137859977,0.16,-11.266626777179631,-0.6474117971006108,-0.005647638361388201,450,LO,NN+3N,0.5,
1.360233005470663,0.16999999999999998,-11.514104999364129,-0.7001236277572565,-0.005772395333881617,450,LO,NN+3N,0.5,
1.3863977232822513,0.18,-11.751514223099171,-0.7540714931772237,-0.005919320578755695,450,LO,NN+3N,0.5,
1.4116104621255237,0.19,-11.979917055444254,-0.8094581506112658,-0.00608788029670594,450,LO,NN+3N,0.5,
1.4359533573210117,0.2,-12.200268694304832,-0.8664759248590339,-0.006276425146769922,450,LO,NN+3N,0.5,
1.4594977609371331,0.21,-12.413423805024859,-0.9252969101342228,-0.006482286816690999,450,LO,NN+3N,0.5,
1.4823060974852915,0.22000000000000006,-12.620142894836237,-0.9860640152914268,-0.0067018620831132926,450,LO,NN+3N,0.5,
1.5044333313069767,0.23,-12.821098195134294,-1.04888274597292,-0.006930686395785924,450,LO,NN+3N,0.5,
1.5259281401037126,0.24,-13.016879076294613,-1.1138136344695453,-0.007163498640519603,450,LO,NN+3N,0.5,
1.546833863140068,0.25,-13.20799702670539,-1.1808652419836092,-0.0073942984413483325,450,LO,NN+3N,0.5,
1.5671892745878528,0.26,-13.394890230163915,-1.2499876692772625,-0.007616397131750069,450,LO,NN+3N,0.5,
1.587029219684706,0.27,-13.57792777572251,-1.321066520945871,-0.007822463342308048,450,LO,NN+3N,0.5,
1.6063851421796722,0.28,-13.757413532626627,-1.3939172761979717,-0.008004564006467235,450,LO,NN+3N,0.5,
1.625285524830801,0.29,-13.93358972084617,-1.4682800253760937,-0.00815420146861287,450,LO,NN+3N,0.5,
1.6437562597676354,0.3,-14.106640205268805,-1.5438145367686835,-0.008262347283278333,450,LO,NN+3N,0.5,
1.6618209618324484,0.31,-14.276693539135499,-1.6200956227384942,-0.008319473216115203,450,LO,NN+3N,0.5,
1.6795012352211818,0.32,-14.443825779882793,-1.6966087779816736,-0.00831557989270092,450,LO,NN+3N,0.5,
1.6968169016150612,0.33,-14.608063098287602,-1.772746065957277,-0.008240223487537298,450,LO,NN+3N,0.5,
1.7137861963542564,0.34,-14.769384199718626,-1.847802232286008,-0.008082540800527392,450,LO,NN+3N,0.5,
0.9045939307779784,0.05,-6.925065741843067,-0.10191518935500878,-0.0034783197451226525,500,LO,NN+3N,0.5,
0.9612744921718004,0.06000000000000001,-7.316270292973923,-0.13505319274483185,-0.0036319743479114406,500,LO,NN+3N,0.5,
1.0119592274352691,0.07,-7.676200018891947,-0.1691188103321777,-0.003687130508349962,500,LO,NN+3N,0.5,
1.0580194797898042,0.08,-8.00740647580519,-0.20332455677173544,-0.0036699465536491225,500,LO,NN+3N,0.5,
1.1003846021922812,0.09,-8.312413710177008,-0.23710346294277204,-0.0036017314859855595,500,LO,NN+3N,0.5,
1.1397169349943206,0.1,-8.593621124073483,-0.2700673723168209,-0.0034997566050535183,500,LO,NN+3N,0.5,
1.1765071292435143,0.11,-8.853264939087543,-0.30197216953074546,-0.0033778914337106104,500,LO,NN+3N,0.5,
1.2111299674142555,0.12,-9.093406436843242,-0.3326884222498684,-0.0032471051701632165,500,LO,NN+3N,0.5,
1.2438789515570186,0.13,-9.315932771180668,-0.36217629209116103,-0.0031158668658466506,500,LO,NN+3N,0.5,
1.2749887322810487,0.14,-9.522563617687695,-0.3904638559766861,-0.002990468976209464,500,LO,NN+3N,0.5,
1.3046502079672289,0.15000000000000002,-9.714860337805638,-0.4176281882414954,-0.002875292261423498,500,LO,NN+3N,0.5,
1.3330210137859977,0.16,-9.894235982255122,-0.4437787058510785,-0.002773025186493949,500,LO,NN+3N,0.5,
1.360233005470663,0.16999999999999998,-10.061965288118866,-0.4690423904514996,-0.002684847540988684,500,LO,NN+3N,0.5,
1.3863977232822513,0.18,-10.219194254303392,-0.4935505834867586,-0.002610585560621824,500,LO,NN+3N,0.5,
1.4116104621255237,0.19,-10.366949107555238,-0.517427112538241,-0.002548844084685607,500,LO,NN+3N,0.5,
1.4359533573210117,0.2,-10.506144592156998,-0.5407775541151706,-0.0024971200148400283,500,LO,NN+3N,0.5,
1.4594977609371331,0.21,-10.63759158012682,-0.5636794743638007,-0.0024519004084421554,500,LO,NN+3N,0.5,
1.4823060974852915,0.22000000000000006,-10.762004031154769,-0.5861735173934747,-0.0024087478453392124,500,LO,NN+3N,0.5,
1.5044333313069767,0.23,-10.880005346679836,-0.6082552331550556,-0.0023623751834354195,500,LO,NN+3N,0.5,
1.5259281401037126,0.24,-10.99213416819688,-0.6298675545057338,-0.0023067114185657605,500,LO,NN+3N,0.5,
1.546833863140068,0.25,-11.098849670429173,-0.6508938473162988,-0.0022349600554063573,500,LO,NN+3N,0.5,
1.5671892745878528,0.26,-11.200536397866065,-0.6711514690079701,-0.002139651154978195,500,LO,NN+3N,0.5,
1.587029219684706,0.27,-11.297508689739976,-0.6903857803324283,-0.0020126880339638056,500,LO,NN+3N,0.5,
1.6063851421796722,0.28,-11.390014734588194,-0.7082645629751136,-0.0018453894393539363,500,LO,NN+3N,0.5,
1.625285524830801,0.29,-11.478240291544294,-0.7243728020056619,-0.0016285278998746323,500,LO,NN+3N,0.5,
1.6437562597676354,0.3,-11.562312111666975,-0.738207797582601,-0.0013523648565442704,500,LO,NN+3N,0.5,
1.6618209618324484,0.31,-11.642301089048937,-0.749174574844115,-0.0010066830935346752,500,LO,NN+3N,0.5,
1.6795012352211818,0.32,-11.718225168206544,-0.7565815647426062,-0.0005808169234559893,500,LO,NN+3N,0.5,
1.6968169016150612,0.33,-11.790052031336296,-0.759636531833075,-6.36805253114616e-05,500,LO,NN+3N,0.5,
1.7137861963542564,0.34,-11.857701586426288,-0.7574427278048164,0.0005562052135861788,500,LO,NN+3N,0.5,
0.9045939307779784,0.05,-9.123771608008964,-0.21839044846791125,-0.009431244423476008,450,NLO,NN+3N,0.5,
0.9612744921718004,0.06000000000000001,-9.995720757729813,-0.31284176735401104,-0.010965050240811404,450,NLO,NN+3N,0.5,
1.0119592274352691,0.07,-10.859541892091627,-0.4202704832266538,-0.012279415698813228,450,NLO,NN+3N,0.5,
1.0580194797898042,0.08,-11.7095025272201,-0.5385865451852254,-0.013369069202792079,450,NLO,NN+3N,0.5,
1.1003846021922812,0.09,-12.541447611100907,-0.6656940565123557,-0.014234524199758382,450,NLO,NN+3N,0.5,
1.1397169349943206,0.1,-13.352323486687428,-0.7995356558090531,-0.014880518742943643,450,NLO,NN+3N,0.5,
1.1765071292435143,0.11,-14.139881694042153,-0.9381249672411828,-0.015315025806525571,450,NLO,NN+3N,0.5,
1.2111299674142555,0.12,-14.902483885401471,-1.079571306083953,-0.015548585155226747,450,NLO,NN+3N,0.5,
1.2438789515570186,0.13,-15.638967465199142,-1.222099093197171,-0.015593828835485404,450,NLO,NN+3N,0.5,
1.2749887322810487,0.14,-16.34854965227469,-1.3640635051296437,-0.015465129662579619,450,NLO,NN+3N,0.5,
1.3046502079672289,0.15000000000000002,-17.030756905325394,-1.503963356243594,-0.015178331420025018,450,NLO,NN+3N,0.5,
1.3330210137859977,0.16,-17.685371690474387,-1.6404518890672546,-0.014750535501602546,450,NLO,NN+3N,0.5,
1.360233005470663,0.16999999999999998,-18.312391463748387,-1.7723459470075946,-0.014199927934107475,450,NLO,NN+3N,0.5,
1.3863977232822513,0.18,-18.911996478473405,-1.8986338711906223,-0.013545636247375462,450,NLO,NN+3N,0.5,
1.4116104621255237,0.19,-19.48452411021973,-2.0184823737079807,-0.012807609100546959,450,NLO,NN+3N,0.5,
1.4359533573210117,0.2,-20.030448088722427,-2.1312425773740267,-0.012006513784203969,450,NLO,NN+3N,0.5,
1.4594977609371331,0.21,-20.55036148744854,-2.2364553678606125,-0.011163648175556998,450,NLO,NN+3N,0.5,
1.4823060974852915,0.22000000000000006,-21.04496263443713,-2.3338561719376,-0.010300864706779343,450,NLO,NN+3N,0.5,
1.5044333313069767,0.23,-21.515043325080587,-2.423379251759902,-0.00944050458241511,450,NLO,NN+3N,0.5,
1.5259281401037126,0.24,-21.961478871011096,-2.505161587242612,-0.008605340954338193,450,NLO,NN+3N,0.5,
1.546833863140068,0.25,-22.385219629734745,-2.579546404895071,-0.007818530098045128,450,NLO,NN+3N,0.5,
1.5671892745878528,0.26,-22.7872837404448,-2.647086400902774,-0.007103569875143287,450,NLO,NN+3N,0.5,
1.587029219684706,0.27,-23.168750851383127,-2.708546697953925,-0.0064842649423743175,450,NLO,NN+3N,0.5,
1.6063851421796722,0.28,-23.530756669174536,-2.76490756873774,-0.005984698296825367,450,NLO,NN+3N,0.5,
1.625285524830801,0.29,-23.874488194838058,-2.817366953782656,-0.005629208843553687,450,NLO,NN+3N,0.5,
1.6437562597676354,0.3,-24.20117953755227,-2.867342797053817,-0.0054423747451150676,450,NLO,NN+3N,0.5,
1.6618209618324484,0.31,-24.51210821774785,-2.9164752192664967,-0.005449002369175285,450,NLO,NN+3N,0.5,
1.6795012352211818,0.32,-24.80859188718399,-2.9666285460277053,-0.005674120695363879,450,NLO,NN+3N,0.5,
1.6968169016150612,0.33,-25.091985406394723,-3.0198932055642245,-0.0061429810793754034,450,NLO,NN+3N,0.5,
1.7137861963542564,0.34,-25.363678230051516,-3.07858750883374,-0.006881062303692757,450,NLO,NN+3N,0.5,
0.9045939307779784,0.05,-8.832835215639092,-0.21120472620949887,-0.009039806998716305,500,NLO,NN+3N,0.5,
0.9612744921718004,0.06000000000000001,-9.674621488669482,-0.3014705403524538,-0.010437530862879112,500,NLO,NN+3N,0.5,
1.0119592274352691,0.07,-10.505418955730008,-0.40338055432762615,-0.011593914699758468,500,NLO,NN+3N,0.5,
1.0580194797898042,0.08,-11.319444396592512,-0.5146424875497835,-0.012502282162525555,500,NLO,NN+3N,0.5,
1.1003846021922812,0.09,-12.112474733448636,-0.6329457080875601,-0.013161769856121788,500,NLO,NN+3N,0.5,
1.1397169349943206,0.1,-12.88137775016805,-0.756005764716183,-0.013575774934101071,500,NLO,NN+3N,0.5,
1.1765071292435143,0.11,-13.623819819948082,-0.8815970297146951,-0.013750968275326722,500,NLO,NN+3N,0.5,
1.2111299674142555,0.12,-14.338073225765116,-1.007577608632178,-0.013696626572369176,500,NLO,NN+3N,0.5,
1.2438789515570186,0.13,-15.022883335114212,-1.1319089570086465,-0.013424156531374442,500,NLO,NN+3N,0.5,
1.2749887322810487,0.14,-15.677373672439153,-1.2526717245993748,-0.012946741099008069,500,NLO,NN+3N,0.5,
1.3046502079672289,0.15000000000000002,-16.300976025794412,-1.368078820951201,-0.01227906670454625,500,NLO,NN+3N,0.5,
1.3330210137859977,0.16,-16.893377682296975,-1.4764863777752435,-0.011437106390083388,500,NLO,NN+3N,0.5,
1.360233005470663,0.16999999999999998,-17.454480736332236,-1.5764030823621016,-0.010437942845341988,500,NLO,NN+3N,0.5,
1.3863977232822513,0.18,-17.984370125759433,-1.666498224340493,-0.009299620859242413,500,NLO,NN+3N,0.5,
1.4116104621255237,0.19,-18.48328811831109,-1.7456087087728531,-0.008041022125686506,500,NLO,NN+3N,0.5,
1.4359533573210117,0.2,-18.95161365739901,-1.8127452264638864,-0.006681757542520218,500,NLO,NN+3N,0.5,
1.4594977609371331,0.21,-19.38984543151712,-1.867097728113935,-0.005242073595018942,500,NLO,NN+3N,0.5,
1.4823060974852915,0.22000000000000006,-19.79858784027206,-1.9080403167709588,-0.0037427703949178587,500,NLO,NN+3N,0.5,
1.5044333313069767,0.23,-20.17853924435652,-1.9351356491947271,-0.002205129619412621,500,NLO,NN+3N,0.5,
1.5259281401037126,0.24,-20.53048203839085,-1.9481389187899747,-0.0006508510648903674,500,NLO,NN+3N,0.5,
1.546833863140068,0.25,-20.85527419472934,-1.947001479037528,0.0008980031368729375,500,NLO,NN+3N,0.5,
1.5671892745878528,0.26,-21.153842006193656,-1.9318741557162928,0.002419057353857167,500,NLO,NN+3N,0.5,
1.587029219684706,0.27,-21.4271738149753,-1.9031102878670407,0.0038896648816174467,500,NLO,NN+3N,0.5,
1.6063851421796722,0.28,-21.67631455952764,-1.8612685308338732,0.005286944379229208,500,NLO,NN+3N,0.5,
1.625285524830801,0.29,-21.90236100520039,-1.8071154494195119,0.006587810636114573,500,NLO,NN+3N,0.5,
1.6437562597676354,0.3,-22.106457550484915,-1.7416279249052231,0.0077689999235754596,500,NLO,NN+3N,0.5,
1.6618209618324484,0.31,-22.289792521044173,-1.6659953961911145,0.00880709013296507,500,NLO,NN+3N,0.5,
1.6795012352211818,0.32,-22.453594879641294,-1.581621952438771,0.009678515862718088,500,NLO,NN+3N,0.5,
1.6968169016150612,0.33,-22.599131292701717,-1.490128292218897,0.010359578585357705,500,NLO,NN+3N,0.5,
1.7137861963542564,0.34,-22.727703504321585,-1.3933535621816957,0.0108264520004804,500,NLO,NN+3N,0.5,
0.9045939307779784,0.05,-8.679388130603378,-0.17310451950283995,-0.010800126582675046,450,N2LO,NN+3N,0.5,1.0
0.9612744921718004,0.06000000000000001,-9.424123494231845,-0.2837324972702521,-0.012948744658071259,450,N2LO,NN+3N,0.5,1.0
1.0119592274352691,0.07,-10.239580955024362,-0.4093900886540234,-0.014066173817159298,450,N2LO,NN+3N,0.5,1.0
1.0580194797898042,0.08,-11.081869467621534,-0.5395662629571191,-0.013955962612167385,450,N2LO,NN+3N,0.5,1.0
1.1003846021922812,0.09,-11.914748874773755,-0.6623223154171142,-0.012484802637330143,450,N2LO,NN+3N,0.5,1.0
1.1397169349943206,0.1,-12.70808121507416,-0.7648039314069571,-0.009570900882137032,450,N2LO,NN+3N,0.5,1.0
1.1765071292435143,0.11,-13.436710942900767,-0.8336472848576557,-0.0051759682388029865,450,N2LO,NN+3N,0.5,1.0
1.2111299674142555,0.12,-14.079629992066062,-0.8553096794427609,0.0007007151034128276,450,N2LO,NN+3N,0.5,1.0
1.2438789515570186,0.13,-14.619338828874016,-0.8163444542473347,0.008027017091699623,450,N2LO,NN+3N,0.5,1.0
1.2749887322810487,0.14,-15.041346585322929,-0.7036334912050172,0.016741950903306088,450,N2LO,NN+3N,0.5,1.0
1.3046502079672289,0.15000000000000002,-15.33377255573136,-0.5045866797764497,0.0267592413735184,450,N2LO,NN+3N,0.5,1.0
1.3330210137859977,0.16,-15.487023294171564,-0.2073151027934393,0.03797062589097392,450,N2LO,NN+3N,0.5,1.0
1.360233005470663,0.16999999999999998,-15.49352724304586,0.19921704020001685,0.05024897728584096,450,N2LO,NN+3N,0.5,1.0
1.3863977232822513,0.18,-15.347513920275176,0.7250579701231251,0.06345128704343858,450,N2LO,NN+3N,0.5,1.0
1.4116104621255237,0.19,-15.044828158397136,1.379148389836223,0.07742151621411396,450,N2LO,NN+3N,0.5,1.0
1.4359533573210117,0.2,-14.582772300426823,2.1692137648678367,0.09199330271026716,450,N2LO,NN+3N,0.5,1.0
1.4594977609371331,0.21,-13.959970970207053,3.101666987526842,0.10699250356482612,450,N2LO,NN+3N,0.5,1.0
1.4823060974852915,0.22000000000000006,-13.17625427425321,4.181519943379431,0.12223954667192573,450,N2LO,NN+3N,0.5,1.0
1.5044333313069767,0.23,-12.232556203745249,5.412302771580676,0.13755156673618035,450,N2LO,NN+3N,0.5,1.0
1.5259281401037126,0.24,-11.130825686122165,6.795989822721981,0.1527443032447267,450,N2LO,NN+3N,0.5,1.0
1.546833863140068,0.25,-9.873948251130289,8.332931485107224,0.16763374315790708,450,N2LO,NN+3N,0.5,1.0
1.5671892745878528,0.26,-8.465676671246314,10.021791183692214,0.18203749682059106,450,N2LO,NN+3N,0.5,1.0
1.587029219684706,0.27,-6.910569242713847,11.859486963292479,0.1957759016397627,450,N2LO,NN+3N,0.5,1.0
1.6063851421796722,0.28,-5.213934613416882,13.841137154937213,0.20867285382901068,450,N2LO,NN+3N,0.5,1.0
1.625285524830801,0.29,-3.3817822536845483,15.960009695799824,0.22055637360499736,450,N2LO,NN+3N,0.5,1.0
1.6437562597676354,0.3,-1.4207778176624402,18.207474732258394,0.2312589133801547,450,N2LO,NN+3N,0.5,1.0
1.6618209618324484,0.31,0.6617972351426715,20.572960184848075,0.2406174215840897,450,N2LO,NN+3N,0.5,1.0
1.6795012352211818,0.32,2.8580822896067275,23.04390999510838,0.2484731767068152,450,N2LO,NN+3N,0.5,1.0
1.6968169016150612,0.33,5.159670946678261,25.605744809097,0.2546714070013013,450,N2LO,NN+3N,0.5,1.0
1.7137861963542564,0.34,7.55764150120649,28.241824881836198,0.2590607110701757,450,N2LO,NN+3N,0.5,1.0
0.9045939307779784,0.05,-8.690825806155795,-0.17681721331608632,-0.011088567076868044,450,N2LO,NN+3N,0.5,2.0
0.9612744921718004,0.06000000000000001,-9.45258813682398,-0.29058337156382225,-0.013340844541577015,450,N2LO,NN+3N,0.5,2.0
1.0119592274352691,0.07,-10.288762497597162,-0.4202968244995386,-0.014556062678931381,450,N2LO,NN+3N,0.5,2.0
1.0580194797898042,0.08,-11.154584690854936,-0.5553652887905941,-0.014532787712772747,450,N2LO,NN+3N,0.5,2.0
1.1003846021922812,0.09,-12.013075606905847,-0.6837324716212124,-0.01313379379673048,450,N2LO,NN+3N,0.5,2.0
1.1397169349943206,0.1,-12.833466919150386,-0.7923996866668291,-0.010274262837993663,450,N2LO,NN+3N,0.5,2.0
1.1765071292435143,0.11,-13.590062272368634,-0.8678395393194781,-0.005913666228175186,450,N2LO,NN+3N,0.5,2.0
1.2111299674142555,0.12,-14.261387887126972,-0.8963327503293637,-4.97583291738293e-05,450,N2LO,NN+3N,0.5,2.0
1.2438789515570186,0.13,-14.829542395701205,-0.8642482040233227,0.007286195640439036,450,N2LO,NN+3N,0.5,2.0
1.2749887322810487,0.14,-15.279688108706493,-0.7582798058385859,0.016033464492276925,450,N2LO,NN+3N,0.5,2.0
1.3046502079672289,0.15000000000000002,-15.599645385972975,-0.5656496787410125,0.026105464391326463,450,N2LO,NN+3N,0.5,2.0
1.3330210137859977,0.16,-15.779563922842355,-0.2742845886055613,0.0373931089648864,450,N2LO,NN+3N,0.5,2.0
1.360233005470663,0.16999999999999998,-15.811652577957418,0.12702929138979985,0.04976798508926866,450,N2LO,NN+3N,0.5,2.0
1.3863977232822513,0.18,-15.689954548512617,0.6485094042441027,0.06308539279341338,450,N2LO,NN+3N,0.5,2.0
1.4116104621255237,0.19,-15.410158222100053,1.2992546292873004,0.07718725591002377,450,N2LO,NN+3N,0.5,2.0
1.4359533573210117,0.2,-14.969436486343312,2.087135550755165,0.09190489088940862,450,N2LO,NN+3N,0.5,2.0
1.4594977609371331,0.21,-14.366309019506614,3.0186953044935296,0.10706161078421436,450,N2LO,NN+3N,0.5,2.0
1.4823060974852915,0.22000000000000006,-13.600523345831391,4.09905949398608,0.12247513726443462,450,N2LO,NN+3N,0.5,2.0
1.5044333313069767,0.23,-12.672951366796413,5.331853944514979,0.137959793784816,450,N2LO,NN+3N,0.5,2.0
1.5259281401037126,0.24,-11.585498772183966,6.719129280412444,0.1533284562846882,450,N2LO,NN+3N,0.5,2.0
1.546833863140068,0.25,-10.341025259281055,8.261291480750117,0.16839424292841715,450,N2LO,NN+3N,0.5,2.0
1.5671892745878528,0.26,-8.943273890599357,9.957037704637175,0.1829719304901995,450,N2LO,NN+3N,0.5,2.0
1.587029219684706,0.27,-7.3968082322456885,11.803296786683006,0.1968790913335473,450,N2LO,NN+3N,0.5,2.0
1.6063851421796722,0.28,-5.706956159344486,13.79517389209388,0.209936950983262,450,N2LO,NN+3N,0.5,2.0
1.625285524830801,0.29,-3.87975940817978,15.925898893767615,0.221970971635339,450,N2LO,NN+3N,0.5,2.0
1.6437562597676354,0.3,-1.9219281089855256,18.18677809398388,0.2328111713304654,450,N2LO,NN+3N,0.5,2.0
1.6618209618324484,0.31,0.15920034251320206,20.56714896342361,0.24229219177626315,450,N2LO,NN+3N,0.5,2.0
1.6795012352211818,0.32,2.3556986159931625,23.054337612263303,0.2502531298824288,450,N2LO,NN+3N,0.5,2.0
1.6968169016150612,0.33,4.65908343877237,25.63361874351301,0.2565371489834829,450,N2LO,NN+3N,0.5,2.0
1.7137861963542564,0.34,7.060346640636624,28.288177868818075,0.2609908855284487,450,N2LO,NN+3N,0.5,2.0
0.9045939307779784,0.05,-8.737309518959883,-0.171428194366129,-0.011426601182412493,450,N2LO,NN+3N,0.5,3.0
0.9612744921718004,0.06000000000000001,-9.487228314833471,-0.28951506012403555,-0.01393169975032195,450,N2LO,NN+3N,0.5,3.0
1.0119592274352691,0.07,-10.327790514817773,-0.4257129331462352,-0.015363885298427691,450,N2LO,NN+3N,0.5,3.0
1.0580194797898042,0.08,-11.210076648420065,-0.569000549631656,-0.0155042978137251,450,N2LO,NN+3N,0.5,3.0
1.1003846021922812,0.09,-12.09367828185782,-0.7067742957687217,-0.014205031433231546,450,N2LO,NN+3N,0.5,3.0
1.1397169349943206,0.1,-12.944999648759437,-0.825427300359337,-0.011376162608557241,450,N2LO,NN+3N,0.5,3.0
1.1765071292435143,0.11,-13.736022080586672,-0.910809084536452,-0.0069768188131377,450,N2LO,NN+3N,0.5,3.0
1.2111299674142555,0.12,-14.443378687385321,-0.948600045385894,-0.0010085516269809848,450,N2LO,NN+3N,0.5,3.0
1.2438789515570186,0.13,-15.047643907088823,-0.9246229694439264,0.006489955125050588,450,N2LO,NN+3N,0.5,3.0
1.2749887322810487,0.14,-15.53277626828502,-0.8251066065911594,0.015447400125492313,450,N2LO,NN+3N,0.5,3.0
1.3046502079672289,0.15000000000000002,-15.885673231897016,-0.6369118586698058,0.02576392426009401,450,N2LO,NN+3N,0.5,3.0
1.3330210137859977,0.16,-16.095809872644182,-0.3477282200534013,0.03731489495249243,450,N2LO,NN+3N,0.5,3.0
1.360233005470663,0.16999999999999998,-16.154941514997574,0.05375386180987249,0.04995450595558559,450,N2LO,NN+3N,0.5,3.0
1.3863977232822513,0.18,-16.056856001873168,0.5776904074004243,0.06351922720755683,450,N2LO,NN+3N,0.5,3.0
1.4116104621255237,0.19,-15.797165072824614,1.2329477863430385,0.0778311043377508,450,N2LO,NN+3N,0.5,3.0
1.4359533573210117,0.2,-15.373126980453124,2.0269804503078017,0.09270088681204712,450,N2LO,NN+3N,0.5,3.0
1.4594977609371331,0.21,-14.783494362673535,2.965720439241755,0.10793095325052553,450,N2LO,NN+3N,0.5,3.0
1.4823060974852915,0.22000000000000006,-14.028382758384964,4.053476983733328,0.12331799918538748,450,N2LO,NN+3N,0.5,3.0
1.5044333313069767,0.23,-13.109156163908866,5.292844834520643,0.13865545427571446,450,N2LO,NN+3N,0.5,3.0
1.5259281401037126,0.24,-12.028326783010927,6.684620190206583,0.15373560105816486,450,N2LO,NN+3N,0.5,3.0
1.546833863140068,0.25,-10.789466696124947,8.22772328353821,0.16835137432687733,450,N2LO,NN+3N,0.5,3.0
1.5671892745878528,0.26,-9.397129614087872,9.919126837545578,0.18229782810781714,450,N2LO,NN+3N,0.5,3.0
1.587029219684706,0.27,-7.856781223015901,11.753789724422539,0.19537326506296626,450,N2LO,NN+3N,0.5,3.0
1.6063851421796722,0.28,-6.17473689467289,13.724595258888273,0.20738003038044026,450,N2LO,NN+3N,0.5,3.0
1.625285524830801,0.29,-4.3581057486914005,15.822293638831589,0.21812497832160435,450,N2LO,NN+3N,0.5,3.0
1.6437562597676354,0.3,-2.414740222386968,18.035448113038,0.2274196243176867,450,N2LO,NN+3N,0.5,3.0
1.6618209618324484,0.31,-0.3531904403378121,20.350384511571708,0.2350799986894529,450,N2LO,NN+3N,0.5,3.0
1.6795012352211818,0.32,1.8173372133539372,22.751143821132413,0.2409262196690262,450,N2LO,NN+3N,0.5,3.0
1.6968169016150612,0.33,4.087017826679244,25.219437527127443,0.2447818034782712,450,N2LO,NN+3N,0.5,3.0
1.7137861963542564,0.34,6.4454424272768165,27.734605477643257,0.2464727278596201,450,N2LO,NN+3N,0.5,3.0
0.9045939307779784,0.05,-8.319930367066338,-0.15667035382455366,-0.008851188352164448,500,N2LO,NN+3N,0.5,4.0
0.9612744921718004,0.06000000000000001,-8.978938356519102,-0.24664696983760434,-0.010452414274124465,500,N2LO,NN+3N,0.5,4.0
1.0119592274352691,0.07,-9.67891106185408,-0.3477427067137555,-0.01125811157802959,500,N2LO,NN+3N,0.5,4.0
1.0580194797898042,0.08,-10.38888588884222,-0.451811740289144,-0.01110789216749672,500,N2LO,NN+3N,0.5,4.0
1.1003846021922812,0.09,-11.08287265146812,-0.5494667418940046,-0.009880882577103152,500,N2LO,NN+3N,0.5,4.0
1.1397169349943206,0.1,-11.738816599554012,-0.6303995390503537,-0.007488296011524536,500,N2LO,NN+3N,0.5,4.0
1.1765071292435143,0.11,-12.33785771307781,-0.683634780039327,-0.003868430261922437,500,N2LO,NN+3N,0.5,4.0
1.2111299674142555,0.12,-12.863783328661293,-0.6977360529208266,0.0010169026491310342,500,N2LO,NN+3N,0.5,4.0
1.2438789515570186,0.13,-13.302612127879913,-0.6609769802661717,0.007185078602835702,500,N2LO,NN+3N,0.5,4.0
1.2749887322810487,0.14,-13.64227046091959,-0.5614857294700629,0.014634831010054118,500,N2LO,NN+3N,0.5,4.0
1.3046502079672289,0.15000000000000002,-13.872335463140766,-0.3873688428401193,0.023348094545490517,500,N2LO,NN+3N,0.5,4.0
1.3330210137859977,0.16,-13.983827686752436,-0.12681864651881916,0.033291652134379304,500,N2LO,NN+3N,0.5,4.0
1.360233005470663,0.16999999999999998,-13.969041223408835,0.2317926091824793,0.04441866556981839,500,N2LO,NN+3N,0.5,4.0
1.3863977232822513,0.18,-13.821402740641318,0.6998294925905852,0.05667013824928845,500,N2LO,NN+3N,0.5,4.0
1.4116104621255237,0.19,-13.535353180346545,1.2883191770454532,0.06997633708672231,500,N2LO,NN+3N,0.5,4.0
1.4359533573210117,0.2,-13.106247474841213,2.007884828547549,0.08425818604293643,500,N2LO,NN+3N,0.5,4.0
1.4594977609371331,0.21,-12.530268771221616,2.868685447267632,0.0994286337704366,500,N2LO,NN+3N,0.5,4.0
1.4823060974852915,0.22000000000000006,-11.80435447215315,3.880361238231561,0.11539399125703502,500,N2LO,NN+3N,0.5,4.0
1.5044333313069767,0.23,-10.926131999987275,5.051983757333762,0.13205523120843507,500,N2LO,NN+3N,0.5,4.0
1.5259281401037126,0.24,-9.89386263660185,6.392010211702963,0.1493092386324612,500,N2LO,NN+3N,0.5,4.0
1.546833863140068,0.25,-8.706392127518114,7.908241398080393,0.1670500012343258,500,N2LO,NN+3N,0.5,4.0
1.5671892745878528,0.26,-7.363106995768561,9.607782846205648,0.18516972845716434,500,N2LO,NN+3N,0.5,4.0
1.587029219684706,0.27,-5.863895709665713,11.497008801263428,0.203559889021794,500,N2LO,NN+3N,0.5,4.0
1.6063851421796722,0.28,-4.209114003905143,13.581528733909815,0.22211215839569584,500,N2LO,NN+3N,0.5,4.0
1.625285524830801,0.29,-2.3995537760214347,15.866156111019487,0.2407192695506807,500,N2LO,NN+3N,0.5,4.0
1.6437562597676354,0.3,-0.4364150778607154,18.354879197142154,0.2592757624798532,500,N2LO,NN+3N,0.5,4.0
1.6618209618324484,0.31,1.6787191998157311,21.05083368730812,0.27767863009483196,500,N2LO,NN+3N,0.5,4.0
1.6795012352211818,0.32,3.943906287968133,23.956276997494307,0.2958278601990945,500,N2LO,NN+3N,0.5,4.0
1.6968169016150612,0.33,6.356864431717553,27.072564060692805,0.3136268751447563,500,N2LO,NN+3N,0.5,4.0
1.7137861963542564,0.34,8.914991958609164,30.40012449487053,0.3309828724650684,500,N2LO,NN+3N,0.5,4.0
0.9045939307779784,0.05,-8.339156311106722,-0.15816496011567213,-0.009102168400845509,500,N2LO,NN+3N,0.5,5.0
0.9612744921718004,0.06000000000000001,-9.007414796214256,-0.2510922933730312,-0.010841327069945093,500,N2LO,NN+3N,0.5,5.0
1.0119592274352691,0.07,-9.722501088436967,-0.3564259615338501,-0.011788757393794577,500,N2LO,NN+3N,0.5,5.0
1.0580194797898042,0.08,-10.452502533930051,-0.466012283947186,-0.011775952255597869,500,N2LO,NN+3N,0.5,5.0
1.1003846021922812,0.09,-11.170563963762731,-0.5703883549707631,-0.0106746708450218,500,N2LO,NN+3N,0.5,5.0
1.1397169349943206,0.1,-11.853838588369793,-0.6591102971846148,-0.008389384875103795,500,N2LO,NN+3N,0.5,5.0
1.1765071292435143,0.11,-12.482736869952813,-0.7210129984819578,-0.004852212413891132,500,N2LO,NN+3N,0.5,5.0
1.2111299674142555,0.12,-13.040370508446484,-0.744421202549289,-1.932072018677433e-05,500,N2LO,NN+3N,0.5,5.0
1.2438789515570186,0.13,-13.512129322746697,-0.7173247518566613,0.006131780727385065,500,N2LO,NN+3N,0.5,5.0
1.2749887322810487,0.14,-13.88535171589362,-0.6275266144608359,0.013604402845017776,500,N2LO,NN+3N,0.5,5.0
1.3046502079672289,0.15000000000000002,-14.149062932668365,-0.4627697349856355,0.02238450880885964,500,N2LO,NN+3N,0.5,5.0
1.3330210137859977,0.16,-14.293763630469327,-0.21084706833884706,0.032442349255742825,500,N2LO,NN+3N,0.5,5.0
1.360233005470663,0.16999999999999998,-14.311256580931676,0.1403019768400813,0.04373398469581115,500,N2LO,NN+3N,0.5,5.0
1.3863977232822513,0.18,-14.194502801625973,0.6025062427793115,0.0562027460341822,500,N2LO,NN+3N,0.5,5.0
1.4116104621255237,0.19,-13.937500769542652,1.187286791568029,0.06978066179724708,500,N2LO,NN+3N,0.5,5.0
1.4359533573210117,0.2,-13.535183996127728,1.9057886614953672,0.08438986532772133,500,N2LO,NN+3N,0.5,5.0
1.4594977609371331,0.21,-12.983333394763124,2.768719235549727,0.09994398466528764,500,N2LO,NN+3N,0.5,5.0
1.4823060974852915,0.22000000000000006,-12.27850170117699,3.7862922749209114,0.11634951071960938,500,N2LO,NN+3N,0.5,5.0
1.5044333313069767,0.23,-11.417947815461645,4.9681768452813495,0.13350713479536386,500,N2LO,NN+3N,0.5,5.0
1.5259281401037126,0.24,-10.399579387194224,6.323450499690464,0.15131304394133294,500,N2LO,NN+3N,0.5,5.0
1.546833863140068,0.25,-9.221902307042628,7.8605561891317555,0.16966016152225896,500,N2LO,NN+3N,0.5,5.0
1.5671892745878528,0.26,-7.883976029678763,9.587262457049995,0.188439320502902,500,N2LO,NN+3N,0.5,5.0
1.587029219684706,0.27,-6.38537385508684,11.510626542943173,0.20754035789879602,500,N2LO,NN+3N,0.5,5.0
1.6063851421796722,0.28,-4.726147453514726,13.636960075860546,0.2268531204403518,500,N2LO,NN+3N,0.5,5.0
1.625285524830801,0.29,-2.9067950442159827,15.971797084370444,0.2462683735025071,500,N2LO,NN+3N,0.5,5.0
1.6437562597676354,0.3,-0.9282327376587888,18.51986408731224,0.2656786075873773,500,N2LO,NN+3N,0.5,5.0
1.6618209618324484,0.31,1.2082313691391278,21.28505206105021,0.2849787389571937,500,N2LO,NN+3N,0.5,5.0
1.6795012352211818,0.32,3.5009206897079537,24.270390105249902,0.30406670327219737,500,N2LO,NN+3N,0.5,5.0
1.6968169016150612,0.33,5.9478115303664945,27.478020651361838,0.32284394319345405,500,N2LO,NN+3N,0.5,5.0
1.7137861963542564,0.34,8.546552606904072,30.909176076793308,0.3412157927904987,500,N2LO,NN+3N,0.5,5.0
0.9045939307779784,0.05,-8.35124397421313,-0.16016040592840464,-0.00940457516833596,500,N2LO,NN+3N,0.5,6.0
0.9612744921718004,0.06000000000000001,-9.031238657108922,-0.2565825087967262,-0.011295739691916587,500,N2LO,NN+3N,0.5,6.0
1.0119592274352691,0.07,-9.764641867117136,-0.3668012400745729,-0.012393631327851387,500,N2LO,NN+3N,0.5,6.0
1.0580194797898042,0.08,-10.518282619320836,-0.4826017100449044,-0.012521033327023735,500,N2LO,NN+3N,0.5,6.0
1.1003846021922812,0.09,-11.264201622570415,-0.594390223581122,-0.011542338302278866,500,N2LO,NN+3N,0.5,6.0
1.1397169349943206,0.1,-11.978576684871365,-0.6915350103839815,-0.009355757510469586,500,N2LO,NN+3N,0.5,6.0
1.1765071292435143,0.11,-12.640951320376331,-0.7626359231720495,-0.005888111547967864,500,N2LO,NN+3N,0.5,6.0
1.2111299674142555,0.12,-13.233662653627839,-0.7957436753957418,-0.0010911452746387006,500,N2LO,NN+3N,0.5,6.0
1.2438789515570186,0.13,-13.741405439430986,-0.7785418796182803,0.005061234964205187,500,N2LO,NN+3N,0.5,6.0
1.2749887322810487,0.14,-14.15089213053542,-0.6985008344619066,0.012575162203330343,500,N2LO,NN+3N,0.5,6.0
1.3046502079672289,0.15000000000000002,-14.450582633294346,-0.5430093247983363,0.02143867087234106,500,N2LO,NN+3N,0.5,6.0
1.3330210137859977,0.16,-14.630465849343764,-0.29948895719419233,0.03162336026500414,500,N2LO,NN+3N,0.5,6.0
1.360233005470663,0.16999999999999998,-14.681880505127806,0.0445056204171275,0.04308594737246782,500,N2LO,NN+3N,0.5,6.0
1.3863977232822513,0.18,-14.597366330971779,0.5011980797006352,0.055769762448177516,500,N2LO,NN+3N,0.5,6.0
1.4116104621255237,0.19,-14.370539060607953,1.0825113978178196,0.06960621720729462,500,N2LO,NN+3N,0.5,6.0
1.4359533573210117,0.2,-13.995984391824964,1.7999969344545528,0.08451625934455126,500,N2LO,NN+3N,0.5,6.0
1.4594977609371331,0.21,-13.469167230941125,2.664770379464409,0.10041181582813756,500,N2LO,NN+3N,0.5,6.0
1.4823060974852915,0.22000000000000006,-12.786353396536686,3.687453587316549,0.11719721980785608,500,N2LO,NN+3N,0.5,6.0
1.5044333313069767,0.23,-11.944541583586755,4.878121496156573,0.13477061106531754,500,N2LO,NN+3N,0.5,6.0
1.5259281401037126,0.24,-10.941403855357775,6.246253470577158,0.15302529711189194,500,N2LO,NN+3N,0.5,6.0
1.546833863140068,0.25,-9.775233282670088,7.800688518486963,0.17185106084637014,500,N2LO,NN+3N,0.5,6.0
1.5671892745878528,0.26,-8.44489761965491,9.54958392111857,0.1911354007537204,500,N2LO,NN+3N,0.5,6.0
1.587029219684706,0.27,-6.949798113759044,11.500376886564707,0.21076469065353545,500,N2LO,NN+3N,0.5,6.0
1.6063851421796722,0.28,-5.289832710969165,13.659748895192658,0.2306252477278629,500,N2LO,NN+3N,0.5,6.0
1.625285524830801,0.29,-3.4653630461728824,16.0335924527761,0.2506042997424194,500,N2LO,NN+3N,0.5,6.0
1.6437562597676354,0.3,-1.4771847113701426,18.62698000640684,0.2705908448222991,500,N2LO,NN+3N,0.5,6.0
1.6618209618324484,0.31,0.673499622915557,21.444134810875994,0.2904763996823333,500,N2LO,NN+3N,0.5,6.0
1.6795012352211818,0.32,2.9851045907196583,24.488403560545674,0.3101556347021973,500,N2LO,NN+3N,0.5,6.0
1.6968169016150612,0.33,5.455684321274589,27.76223062476341,0.3295268965657187,500,N2LO,NN+3N,0.5,6.0
1.7137861963542564,0.34,8.08295269536626,31.2671337444042,0.3484926212699068,500,N2LO,NN+3N,0.5,6.0
0.9045939307779784,0.05,-8.47203058241033,-0.17446893705327116,-0.0095960469554686,450,N3LO,NN+3N,0.5,7.0
0.9612744921718004,0.06000000000000001,-9.200980068661751,-0.2711440773371491,-0.011151554120247473,450,N3LO,NN+3N,0.5,7.0
1.0119592274352691,0.07,-9.966149819717064,-0.37812916985574796,-0.011840595522349128,450,N3LO,NN+3N,0.5,7.0
1.0580194797898042,0.08,-10.734533239308961,-0.486822794790252,-0.011545625741519005,450,N3LO,NN+3N,0.5,7.0
1.1003846021922812,0.09,-11.479515246320208,-0.5878372545000566,-0.01020018051756465,450,N3LO,NN+3N,0.5,7.0
1.1397169349943206,0.1,-12.179531874396124,-0.6714085814158933,-0.0077789371787564,450,N3LO,NN+3N,0.5,7.0
1.1765071292435143,0.11,-12.817115829234893,-0.7277210711454168,-0.004290727098504356,450,N3LO,NN+3N,0.5,7.0
1.2111299674142555,0.12,-13.37819266313918,-0.7471711449551197,0.00022671829577671816,450,N3LO,NN+3N,0.5,7.0
1.2438789515570186,0.13,-13.851546654991926,-0.7205865064384688,0.005710959059965493,450,N3LO,NN+3N,0.5,7.0
1.2749887322810487,0.14,-14.228405685149449,-0.6394113533649755,0.012078359269330263,450,N3LO,NN+3N,0.5,7.0
1.3046502079672289,0.15000000000000002,-14.502112031131652,-0.4958651735367245,0.01922714306025596,450,N3LO,NN+3N,0.5,7.0
1.3330210137859977,0.16,-14.667856770047235,-0.2830805566560157,0.027040122390768626,450,N3LO,NN+3N,0.5,7.0
1.360233005470663,0.16999999999999998,-14.722462289946305,0.004775956059729866,0.03538716781972486,450,N3LO,NN+3N,0.5,7.0
1.3863977232822513,0.18,-14.664201872737651,0.3723969406123676,0.04412745883373419,450,N3LO,NN+3N,0.5,7.0
1.4116104621255237,0.19,-14.492648313812325,0.8232387292944626,0.05311152920296668,450,N3LO,NN+3N,0.5,7.0
1.4359533573210117,0.2,-14.208545615342429,1.359435778627922,0.062183110596602184,450,N3LO,NN+3N,0.5,7.0
1.4594977609371331,0.21,-13.813699251509448,1.9817233007600628,0.07118077118891235,450,N3LO,NN+3N,0.5,7.0
1.4823060974852915,0.22000000000000006,-13.310881554854744,2.689366976999385,0.07993934324984138,450,N3LO,NN+3N,0.5,7.0
1.5044333313069767,0.23,-12.703749542059429,3.480098790137725,0.08829113337952582,450,N3LO,NN+3N,0.5,7.0
1.5259281401037126,0.24,-11.996773069233255,4.350058181761399,0.09606691014919208,450,N3LO,NN+3N,0.5,7.0
1.546833863140068,0.25,-11.195171637934806,5.2937378743171175,0.10309666575019956,450,N3LO,NN+3N,0.5,7.0
1.5671892745878528,0.26,-10.304858502468335,6.30393380409271,0.10921015031482297,450,N3LO,NN+3N,0.5,7.0
1.587029219684706,0.27,-9.332390983541671,7.3716986969087674,0.11423717948282865,450,N3LO,NN+3N,0.5,7.0
1.6063851421796722,0.28,-8.284926092228716,8.486298887889236,0.11800771728002273,450,N3LO,NN+3N,0.5,7.0
1.625285524830801,0.29,-7.170180725109702,9.635174043690434,0.1203517372641853,450,N3LO,NN+3N,0.5,7.0
1.6437562597676354,0.3,-5.9963958164211135,10.803899492658378,0.12109886505750808,450,N3LO,NN+3N,0.5,7.0
1.6618209618324484,0.31,-4.772303933422336,11.976150907563234,0.12007780474391105,450,N3LO,NN+3N,0.5,7.0
1.6795012352211818,0.32,-3.5070998824240287,13.133671118384134,0.1171155501128614,450,N3LO,NN+3N,0.5,7.0
1.6968169016150612,0.33,-2.2104139591829717,14.256238860280776,0.11203637933847924,450,N3LO,NN+3N,0.5,7.0
1.7137861963542564,0.34,-0.8922875317605872,15.321639285353243,0.10466062835081087,450,N3LO,NN+3N,0.5,7.0
0.9045939307779784,0.05,-8.510453189543481,-0.17140376837556448,-0.009885710953086673,450,N3LO,NN+3N,0.5,8.0
0.9612744921718004,0.06000000000000001,-9.23431665874317,-0.2716726925467776,-0.011635309697587384,450,N3LO,NN+3N,0.5,8.0
1.0119592274352691,0.07,-10.006386172434171,-0.3839228248055121,-0.012492801727130591,450,N3LO,NN+3N,0.5,8.0
1.0580194797898042,0.08,-10.79059860708751,-0.4992510768106353,-0.01232900680484184,450,N3LO,NN+3N,0.5,8.0
1.1003846021922812,0.09,-11.557838994344163,-0.6078919149138168,-0.011071021000293677,450,N3LO,NN+3N,0.5,8.0
1.1397169349943206,0.1,-12.284503591452026,-0.6996709049759342,-0.008691325796592507,450,N3LO,NN+3N,0.5,8.0
1.1765071292435143,0.11,-12.951470675637909,-0.7643640463107303,-0.00520012346084885,450,N3LO,NN+3N,0.5,8.0
1.2111299674142555,0.12,-13.543338310714311,-0.7919901381742384,-0.0006395617560043281,450,N3LO,NN+3N,0.5,8.0
1.2438789515570186,0.13,-14.04784398883028,-0.7730537461421235,0.004920887956632125,450,N3LO,NN+3N,0.5,8.0
1.2749887322810487,0.14,-14.455412386466918,-0.6987506265869088,0.01138831826110983,450,N3LO,NN+3N,0.5,8.0
1.3046502079672289,0.15000000000000002,-14.758795960370257,-0.5611439152680895,0.01864978013698887,450,N3LO,NN+3N,0.5,8.0
1.3330210137859977,0.16,-14.952784473408473,-0.3533170783939335,0.026575321292679636,450,N3LO,NN+3N,0.5,8.0
1.360233005470663,0.16999999999999998,-15.033966781544676,-0.06950807066778432,0.035020742476273466,450,N3LO,NN+3N,0.5,8.0
1.3863977232822513,0.18,-15.0005329737982,0.294771933583383,0.04383010761794559,450,N3LO,NN+3N,0.5,8.0
1.4116104621255237,0.19,-14.852108173930318,0.7426326381956563,0.05283802075981642,450,N3LO,NN+3N,0.5,8.0
1.4359533573210117,0.2,-14.589611539420046,1.2757095133564238,0.06187166969706182,450,N3LO,NN+3N,0.5,8.0
1.4594977609371331,0.21,-14.215135568156512,1.8940778512986325,0.07075262966975307,450,N3LO,NN+3N,0.5,8.0
1.4823060974852915,0.22000000000000006,-13.731841958532273,2.5961746807473145,0.07929841805296113,450,N3LO,NN+3N,0.5,8.0
1.5044333313069767,0.23,-13.14387110112432,3.3787274724943948,0.08732379123191943,450,N3LO,NN+3N,0.5,8.0
1.5259281401037126,0.24,-12.456262900144965,4.236688756135249,0.09464177659980504,450,N3LO,NN+3N,0.5,8.0
1.546833863140068,0.25,-11.674887091084768,5.16317591587071,0.1010644350584658,450,N3LO,NN+3N,0.5,8.0
1.5671892745878528,0.26,-10.80638157913262,6.149415551115243,0.10640335193459707,450,N3LO,NN+3N,0.5,8.0
1.587029219684706,0.27,-9.858097600131801,7.1846918825203625,0.11046985640677677,450,N3LO,NN+3N,0.5,8.0
1.6063851421796722,0.28,-8.838050722624246,8.256298761118545,0.113074971059985,450,N3LO,NN+3N,0.5,8.0
1.625285524830801,0.29,-7.754876880790306,9.349494901484986,0.11402909382768806,450,N3LO,NN+3N,0.5,8.0
1.6437562597676354,0.3,-6.617792764590035,10.447462012021157,0.11314141420162845,450,N3LO,NN+3N,0.5,8.0
1.6618209618324484,0.31,-5.436560003140586,11.531265538908448,0.11021906408707438,450,N3LO,NN+3N,0.5,8.0
1.6795012352211818,0.32,-4.221452666261541,12.579817776686582,0.105066000981483,450,N3LO,NN+3N,0.5,8.0
1.6968169016150612,0.33,-2.983227681653432,13.569843129094414,0.09748161718445332,450,N3LO,NN+3N,0.5,8.0
1.7137861963542564,0.34,-1.7330978247870237,14.47584532984828,0.08725906341454043,450,N3LO,NN+3N,0.5,8.0
0.9045939307779784,0.05,-8.512816561659104,-0.1798255674584303,-0.010056814594562945,450,N3LO,NN+3N,0.5,9.0
0.9612744921718004,0.06000000000000001,-9.267173360092183,-0.2816386956511254,-0.011806476480802144,450,N3LO,NN+3N,0.5,9.0
1.0119592274352691,0.07,-10.064803080884557,-0.3955569501826491,-0.012693662141991184,450,N3LO,NN+3N,0.5,9.0
1.0580194797898042,0.08,-10.871487120005071,-0.5129740142661784,-0.012593272140719177,450,N3LO,NN+3N,0.5,9.0
1.1003846021922812,0.09,-11.659568970305653,-0.6244399233204302,-0.011432668573556487,450,N3LO,NN+3N,0.5,9.0
1.1397169349943206,0.1,-12.406582778185694,-0.72008377004139,-0.00918149355016787,450,N3LO,NN+3N,0.5,9.0
1.1765071292435143,0.11,-13.094275304413102,-0.7899483334346536,-0.005844529870344954,450,N3LO,NN+3N,0.5,9.0
1.2111299674142555,0.12,-13.70788390099068,-0.824262173409133,-0.0014563457056777985,450,N3LO,NN+3N,0.5,9.0
1.2438789515570186,0.13,-14.23558812373819,-0.8136656370110109,0.003922970658316463,450,N3LO,NN+3N,0.5,9.0
1.2749887322810487,0.14,-14.66808324081449,-0.7494018649987314,0.010211383039160169,450,N3LO,NN+3N,0.5,9.0
1.3046502079672289,0.15000000000000002,-14.998241838551458,-0.6234805586210819,0.017308017136351314,450,N3LO,NN+3N,0.5,9.0
1.3330210137859977,0.16,-15.220840693825295,-0.4288201062766864,0.025095940764295697,450,N3LO,NN+3N,0.5,9.0
1.360233005470663,0.16999999999999998,-15.332337040782662,-0.15937221650496458,0.03344468828988823,450,N3LO,NN+3N,0.5,9.0
1.3863977232822513,0.18,-15.330682918905056,0.1897678040527463,0.04221256676613998,450,N3LO,NN+3N,0.5,9.0
1.4116104621255237,0.19,-15.215169361416015,0.6222627064213461,0.05124875921005215,450,N3LO,NN+3N,0.5,9.0
1.4359533573210117,0.2,-14.986294304588853,1.1404449897085125,0.060395227576419866,450,N3LO,NN+3N,0.5,9.0
1.4594977609371331,0.21,-14.645649595913994,1.7452371148290764,0.06948841109141995,450,N3LO,NN+3N,0.5,9.0
1.4823060974852915,0.22000000000000006,-14.195823556642749,2.436079023138333,0.07836071267927036,450,N3LO,NN+3N,0.5,9.0
1.5044333313069767,0.23,-13.640316343224757,3.2108619663444937,0.08684176583367938,450,N3LO,NN+3N,0.5,9.0
1.5259281401037126,0.24,-12.983465938976025,4.065867828933924,0.09475947544845116,450,N3LO,NN+3N,0.5,9.0
1.546833863140068,0.25,-12.230383049978347,4.995713262089723,0.1019408280937202,450,N3LO,NN+3N,0.5,9.0
1.5671892745878528,0.26,-11.386893517454697,5.9932980578193975,0.10821246946331614,450,N3LO,NN+3N,0.5,9.0
1.587029219684706,0.27,-10.459487120375314,7.049757280334138,0.11340104882638358,450,N3LO,NN+3N,0.5,9.0
1.6063851421796722,0.28,-9.455271846417304,8.154416743482566,0.11733333200557712,450,N3LO,NN+3N,0.5,9.0
1.625285524830801,0.29,-8.381932870713968,9.29475148184804,0.119836085474387,450,N3LO,NN+3N,0.5,9.0
1.6437562597676354,0.3,-7.247695610313201,10.456346911692682,0.12073573448275575,450,N3LO,NN+3N,0.5,9.0
1.6618209618324484,0.31,-6.061292325481531,11.622862418345187,0.1198577975955517,450,N3LO,NN+3N,0.5,9.0
1.6795012352211818,0.32,-4.831931822561728,12.775997140489563,0.11702609860533685,450,N3LO,NN+3N,0.5,9.0
1.6968169016150612,0.33,-3.5692718812458684,13.895457750346544,0.11206175441542934,450,N3LO,NN+3N,0.5,9.0
1.7137861963542564,0.34,-2.2833940851005536,14.958928052946622,0.10478193413618984,450,N3LO,NN+3N,0.5,9.0
0.9045939307779784,0.05,-8.389229948969827,-0.1993461974912925,-0.008676734799047386,500,N3LO,NN+3N,0.5,10.0
0.9612744921718004,0.06000000000000001,-9.184040708632507,-0.28389383514151795,-0.009480386737480834,500,N3LO,NN+3N,0.5,10.0
1.0119592274352691,0.07,-9.959970922584363,-0.37260020865776783,-0.009592782123632591,500,N3LO,NN+3N,0.5,10.0
1.0580194797898042,0.08,-10.699747452517089,-0.4587895606324332,-0.008953092792420004,500,N3LO,NN+3N,0.5,10.0
1.1003846021922812,0.09,-11.389574804512712,-0.5353665171339328,-0.0075238784158171874,500,N3LO,NN+3N,0.5,10.0
1.1397169349943206,0.1,-12.018299877275545,-0.5949980029125588,-0.005286324371949118,500,N3LO,NN+3N,0.5,10.0
1.1765071292435143,0.11,-12.576848688697428,-0.6302553946774581,-0.0022369757522815443,500,N3LO,NN+3N,0.5,10.0
1.2111299674142555,0.12,-13.057828133610387,-0.6337289619289246,0.001614649334648893,500,N3LO,NN+3N,0.5,10.0
1.2438789515570186,0.13,-13.455233781450088,-0.5981221785885582,0.006247903685938282,500,N3LO,NN+3N,0.5,10.0
1.2749887322810487,0.14,-13.764228967740884,-0.5163309264448002,0.011632506260655021,500,N3LO,NN+3N,0.5,10.0
1.3046502079672289,0.15000000000000002,-13.980973615698064,-0.3815110525983316,0.017729805164485374,500,N3LO,NN+3N,0.5,10.0
1.3330210137859977,0.16,-14.102488821525796,-0.18713674885688816,0.02449387990684428,500,N3LO,NN+3N,0.5,10.0
1.360233005470663,0.16999999999999998,-14.126547829903537,0.072948438231982,0.03187252743209028,500,N3LO,NN+3N,0.5,10.0
1.3863977232822513,0.18,-14.051586916163757,0.4044866096473908,0.03980815957612175,500,N3LO,NN+3N,0.5,10.0
1.4116104621255237,0.19,-13.87663157309057,0.8127654894870228,0.04823862886299595,500,N3LO,NN+3N,0.5,10.0
1.4359533573210117,0.2,-13.601234661526327,1.3025825643703892,0.057097992638354536,500,N3LO,NN+3N,0.5,10.0
1.4594977609371331,0.21,-13.225424051342086,1.8782127461503768,0.06631722108701361,500,N3LO,NN+3N,0.5,10.0
1.4823060974852915,0.22000000000000006,-12.749657889351544,2.5433790442199466,0.07582485187286361,500,N3LO,NN+3N,0.5,10.0
1.5044333313069767,0.23,-12.174786068394814,3.301225830374962,0.08554759244178739,500,N3LO,NN+3N,0.5,10.0
1.5259281401037126,0.24,-11.502016791419422,4.154294353983231,0.09541087009264633,500,N3LO,NN+3N,0.5,10.0
1.546833863140068,0.25,-10.732887361529476,5.104500223826172,0.10533932950750292,500,N3LO,NN+3N,0.5,10.0
1.5671892745878528,0.26,-9.869238507488332,6.153112619465843,0.1152572773705393,500,N3LO,NN+3N,0.5,10.0
1.587029219684706,0.27,-8.913191690304984,7.300735032250936,0.12508907387271745,500,N3LO,NN+3N,0.5,10.0
1.6063851421796722,0.28,-7.86712894161343,8.547287366235729,0.13475947120567602,500,N3LO,NN+3N,0.5,10.0
1.625285524830801,0.29,-6.7336748665449155,9.89198925391668,0.14419389952650422,500,N3LO,NN+3N,0.5,10.0
1.6437562597676354,0.3,-5.515680508412785,11.333344461972242,0.15331870127516614,500,N3LO,NN+3N,0.5,10.0
1.6618209618324484,0.31,-4.216208823934835,12.869126279017804,0.16206131511216396,500,N3LO,NN+3N,0.5,10.0
1.6795012352211818,0.32,-2.8385215589595987,14.496363791445887,0.17035041108972612,500,N3LO,NN+3N,0.5,10.0
1.6968169016150612,0.33,-1.3860673480161267,16.211328965243062,0.17811597895798548,500,N3LO,NN+3N,0.5,10.0
1.7137861963542564,0.34,0.13752911181947525,18.00952446167694,0.18528937172744325,500,N3LO,NN+3N,0.5,10.0
0.9045939307779784,0.05,-8.418594410651043,-0.19997532672459545,-0.008914808417267266,500,N3LO,NN+3N,0.5,11.0
0.9612744921718004,0.06000000000000001,-9.219542475038669,-0.28731018535017044,-0.00984544937063975,500,N3LO,NN+3N,0.5,11.0
1.0119592274352691,0.07,-10.007822679216767,-0.3799424831609305,-0.010078099952091772,500,N3LO,NN+3N,0.5,11.0
1.0580194797898042,0.08,-10.764802027224462,-0.4710969423857283,-0.009544774468073327,500,N3LO,NN+3N,0.5,11.0
1.1003846021922812,0.09,-11.4755347503417,-0.5535252199785953,-0.00820283207347221,500,N3LO,NN+3N,0.5,11.0
1.1397169349943206,0.1,-12.127891134029033,-0.6197043416923783,-0.006029849238425557,500,N3LO,NN+3N,0.5,11.0
1.1765071292435143,0.11,-12.711966231771159,-0.661992049515884,-0.0030200993374858705,500,N3LO,NN+3N,0.5,11.0
1.2111299674142555,0.12,-13.219659649089786,-0.6727520410490139,0.000818021936042923,500,N3LO,NN+3N,0.5,11.0
1.2438789515570186,0.13,-13.64436590063994,-0.6444572945154905,0.0054639873707370635,500,N3LO,NN+3N,0.5,11.0
1.2749887322810487,0.14,-13.980739476469774,-0.5697769183534265,0.010886754548520044,500,N3LO,NN+3N,0.5,11.0
1.3046502079672289,0.15000000000000002,-14.224512239083786,-0.4416502835263745,0.017046133285389408,500,N3LO,NN+3N,0.5,11.0
1.3330210137859977,0.16,-14.372348590070587,-0.2533511221111825,0.023893981361733947,500,N3LO,NN+3N,0.5,11.0
1.360233005470663,0.16999999999999998,-14.421728594393434,0.0014564382567131984,0.03137527639982045,500,N3LO,NN+3N,0.5,11.0
1.3863977232822513,0.18,-14.370852251805598,0.3286684244491492,0.039429093445707775,500,N3LO,NN+3N,0.5,11.0
1.4116104621255237,0.19,-14.218560066200832,0.7336970183844845,0.04798950613648792,500,N3LO,NN+3N,0.5,11.0
1.4359533573210117,0.2,-13.964266382978373,1.2214311236256756,0.056986421810808825,500,N3LO,NN+3N,0.5,11.0
1.4594977609371331,0.21,-13.607902874500187,1.7962007976943215,0.06634635609308955,500,N3LO,NN+3N,0.5,11.0
1.4823060974852915,0.22000000000000006,-13.149870195461462,2.461744987984611,0.07599314945224435,500,N3LO,NN+3N,0.5,11.0
1.5044333313069767,0.23,-12.590996291529265,3.221182114650129,0.08584862642892219,500,N3LO,NN+3N,0.5,11.0
1.5259281401037126,0.24,-11.9325001824035,4.076983125509316,0.09583319725819446,500,N3LO,NN+3N,0.5,11.0
1.546833863140068,0.25,-11.175960291613539,5.030946712074076,0.10586640122295968,500,N3LO,NN+3N,0.5,11.0
1.5671892745878528,0.26,-10.3232865847841,6.084176426639838,0.1158673910689476,500,N3LO,NN+3N,0.5,11.0
1.587029219684706,0.27,-9.376695922815317,7.237059481146058,0.12575535805792087,500,N3LO,NN+3N,0.5,11.0
1.6063851421796722,0.28,-8.338690148292855,8.489247041534487,0.13544989762986942,500,N3LO,NN+3N,0.5,11.0
1.625285524830801,0.29,-7.212036510862133,9.839635858309967,0.14487131611186574,500,N3LO,NN+3N,0.5,11.0
1.6437562597676354,0.3,-5.999750106294727,11.286351096232568,0.15394087939457993,500,N3LO,NN+3N,0.5,11.0
1.6618209618324484,0.31,-4.7050780589292165,12.82673024451442,0.16258100495610942,500,N3LO,NN+3N,0.5,11.0
1.6795012352211818,0.32,-3.3314852213117088,14.457308004312079,0.17071539901775792,500,N3LO,NN+3N,0.5,11.0
1.6968169016150612,0.33,-1.8826412005995508,16.173802063272642,0.17826914094818025,500,N3LO,NN+3N,0.5,11.0
1.7137861963542564,0.34,-0.3624085504426375,17.971099677867656,0.1851687172791404,500,N3LO,NN+3N,0.5,11.0
0.9045939307779784,0.05,-8.447143031045414,-0.20173344805362828,-0.009133185759078335,500,N3LO,NN+3N,0.5,12.0
0.9612744921718004,0.06000000000000001,-9.257603680994297,-0.29157595931352903,-0.01017151285460882,500,N3LO,NN+3N,0.5,12.0
1.0119592274352691,0.07,-10.059802008095195,-0.3877146171891336,-0.010513767723188398,500,N3LO,NN+3N,0.5,12.0
1.0580194797898042,0.08,-10.834350945866401,-0.4833639663034288,-0.010086603458609416,500,N3LO,NN+3N,0.5,12.0
1.1003846021922812,0.09,-11.565640509725421,-0.5712224691452114,-0.008842832085643104,500,N3LO,NN+3N,0.5,12.0
1.1397169349943206,0.1,-12.24095180892128,-0.6436782153661268,-0.006756150188269802,500,N3LO,NN+3N,0.5,12.0
1.1765071292435143,0.11,-12.849853957878706,-0.692970074022081,-0.003817522896256193,500,N3LO,NN+3N,0.5,12.0
1.2111299674142555,0.12,-13.383774484392244,-0.7113176781143845,-3.254427154993432e-05,500,N3LO,NN+3N,0.5,12.0
1.2438789515570186,0.13,-13.835682184001586,-0.6910287053821016,0.004580600096345832,500,N3LO,NN+3N,0.5,12.0
1.2749887322810487,0.14,-14.199846118833607,-0.6245890794122577,0.00999278503957917,500,N3LO,NN+3N,0.5,12.0
1.3046502079672289,0.15000000000000002,-14.471648052539766,-0.5047399803325007,0.016165342631273626,500,N3LO,NN+3N,0.5,12.0
1.3330210137859977,0.16,-14.647433514058758,-0.32454444415526235,0.023051284042105515,500,N3LO,NN+3N,0.5,12.0
1.360233005470663,0.16999999999999998,-14.724391494407866,-0.07744559160801573,0.03059639619828485,500,N3LO,NN+3N,0.5,12.0
1.3863977232822513,0.18,-14.700455827398072,0.24268197965968905,0.03874024396579955,500,N3LO,NN+3N,0.5,12.0
1.4116104621255237,0.19,-14.574223299595149,0.6414864633918514,0.047417096399416464,500,N3LO,NN+3N,0.5,12.0
1.4359533573210117,0.2,-14.344884878418524,1.1240978560271062,0.05655678771466914,500,N3LO,NN+3N,0.5,12.0
1.4594977609371331,0.21,-14.012167375287394,1.6950909841951358,0.0660855185630877,500,N3LO,NN+3N,0.5,12.0
1.4823060974852915,0.22000000000000006,-13.57628351596739,2.358451964913371,0.07592659998902747,500,N3LO,NN+3N,0.5,12.0
1.5044333313069767,0.23,-13.037888862029591,3.117547624381916,0.08600114052641251,500,N3LO,NN+3N,0.5,12.0
1.5259281401037126,0.24,-12.39804437295578,3.97509748599576,0.09622867585909048,500,N3LO,NN+3N,0.5,12.0
1.546833863140068,0.25,-11.658183655632426,4.933148004659962,0.10652774004493508,500,N3LO,NN+3N,0.5,12.0
1.5671892745878528,0.26,-10.820084142113625,5.993048777251077,0.11681637729526692,500,N3LO,NN+3N,0.5,12.0
1.587029219684706,0.27,-9.885841584965208,7.1554305013897705,0.12701259356382513,500,N3LO,NN+3N,0.5,12.0
1.6063851421796722,0.28,-8.857847374322873,8.420184488971488,0.13703474762622433,500,N3LO,NN+3N,0.5,12.0
1.625285524830801,0.29,-7.73876827058352,9.78644356891558,0.14680188184096876,500,N3LO,NN+3N,0.5,12.0
1.6437562597676354,0.3,-6.531528217548214,11.252564236675262,0.156233993316359,500,N3LO,NN+3N,0.5,12.0
1.6618209618324484,0.31,-5.2392919573428,12.816109927209368,0.16525224671945754,500,N3LO,NN+3N,0.5,12.0
1.6795012352211818,0.32,-3.8654502138523696,14.473835304133734,0.17377913042184134,500,N3LO,NN+3N,0.5,12.0
1.6968169016150612,0.33,-2.413606248190547,16.221671471242136,0.18173855806044026,500,N3LO,NN+3N,0.5,12.0
1.7137861963542564,0.34,-0.8875636197386712,18.0547120239931,0.18905591788691026,500,N3LO,NN+3N,0.5,12.0
